2025-09-23 16:39:02 +09:00: 🔧 [storage.ts] DATABASE_URL: postgresql://ahndj@localhost:5432/trading_db
2025-09-23 16:39:02 +09:00: 🔧 [BaseRepository.ts] DATABASE_URL: postgresql://ahndj@localhost:5432/trading_db
2025-09-23 16:39:02 +09:00: ℹ️ [ProxyManager] 프록시 설정 없음 - 직접 연결 사용
2025-09-23 16:39:02 +09:00: 🔧 [db.ts] DATABASE_URL: postgresql://ahndj@localhost:5432/trading_db
2025-09-23 16:39:02 +09:00: 🚀 [2025-09-23T07:39:02.187Z] 서버 시작 중...
2025-09-23 16:39:02 +09:00: 🌍 [2025-09-23T07:39:02.187Z] NODE_ENV: production
2025-09-23 16:39:02 +09:00: {"timestamp":"2025-09-23T07:39:02.187Z","level":"SYSTEM","message":"서버 시작","port":"5001","nodeEnv":"production","workingDir":"/Users/ahndj/Desktop/project/trading/automatic-trading1"}
2025-09-23 16:39:02 +09:00: {"timestamp":"2025-09-23T07:39:02.187Z","level":"SYSTEM","message":"데이터베이스 연결","database":"localhost:5432/trading_db"}
2025-09-23 16:39:02 +09:00: 🎯 [2025-09-23T07:39:02.187Z] 거래 모드: LIVE (실거래)
2025-09-23 16:39:02 +09:00: 🔧 [2025-09-23T07:39:02.188Z] Live 거래 활성화: true
2025-09-23 16:39:02 +09:00: 🌍 [2025-09-23T07:39:02.188Z] 환경: production
2025-09-23 16:39:02 +09:00: 🚨 [2025-09-23T07:39:02.188Z] Live 거래 모드 - 실제 자금으로 거래가 실행됩니다! 🚨
2025-09-23 16:39:02 +09:00: 🔧 [2025-09-23T07:39:02.188Z] HTTP 서버 생성 중...
2025-09-23 16:39:02 +09:00: {"timestamp":"2025-09-23T07:39:02.189Z","level":"INFO","message":"🔧 데이터베이스 시간대 설정 중..."}
2025-09-23 16:39:02 +09:00: ✅ 데이터베이스 시간대가 Asia/Seoul로 설정되었습니다.
2025-09-23 16:39:02 +09:00: {"timestamp":"2025-09-23T07:39:02.195Z","level":"INFO","message":"✅ 데이터베이스 시간대 설정 완료"}
2025-09-23 16:39:02 +09:00: {"timestamp":"2025-09-23T07:39:02.195Z","level":"INFO","message":"🔧 자동매매 시작 중..."}
2025-09-23 16:39:02 +09:00: {"timestamp":"2025-09-23T07:39:02.199Z","level":"INFO","message":"활성 사용자 발견","userId":"5","exchange":"binance"}
2025-09-23 16:39:02 +09:00: {"timestamp":"2025-09-23T07:39:02.199Z","level":"INFO","message":"🚀 사용자 5의 자동매매 시작"}
2025-09-23 16:39:02 +09:00: {"timestamp":"2025-09-23T07:39:02.200Z","level":"INFO","message":"⚠️ 활성 전략이 없어 자동매매를 시작하지 않음"}
2025-09-23 16:39:02 +09:00: {"timestamp":"2025-09-23T07:39:02.200Z","level":"INFO","message":"✅ 자동매매 시작 완료"}
2025-09-23 16:39:02 +09:00: {"timestamp":"2025-09-23T07:39:02.200Z","level":"INFO","message":"🔧 세션 설정 중..."}
2025-09-23 16:39:02 +09:00: {"timestamp":"2025-09-23T07:39:02.209Z","level":"INFO","message":"Redis 클라이언트 연결 성공"}
2025-09-23 16:39:02 +09:00: {"timestamp":"2025-09-23T07:39:02.209Z","level":"INFO","message":"세션 저장소: Redis 사용"}
2025-09-23 16:39:02 +09:00: {"timestamp":"2025-09-23T07:39:02.210Z","level":"INFO","message":"✅ 세션 설정 완료"}
2025-09-23 16:39:02 +09:00: {"timestamp":"2025-09-23T07:39:02.210Z","level":"INFO","message":"🛣️ 라우트 등록 중..."}
2025-09-23 16:39:02 +09:00: 🔍 [2025-09-23T07:39:02.210Z] 라우트 등록 시작 - registerRoutes 함수 호출
2025-09-23 16:39:02 +09:00: {"timestamp":"2025-09-23T07:39:02.214Z","level":"INFO","message":"🌐 서버 환경 감지: 포트 5000으로 고정"}
2025-09-23 16:39:02 +09:00: 🔧 [storage.ts] DATABASE_URL: postgresql://ahndj@localhost:5432/trading_db
2025-09-23 16:39:02 +09:00: 🔧 [BaseRepository.ts] DATABASE_URL: postgresql://ahndj@localhost:5432/trading_db
2025-09-23 16:39:02 +09:00: ℹ️ [ProxyManager] 프록시 설정 없음 - 직접 연결 사용
2025-09-23 16:39:02 +09:00: 🔧 [db.ts] DATABASE_URL: postgresql://ahndj@localhost:5432/trading_db
2025-09-23 16:39:02 +09:00: 🚀 [2025-09-23T07:39:02.450Z] 서버 시작 중...
2025-09-23 16:39:02 +09:00: 🌍 [2025-09-23T07:39:02.450Z] NODE_ENV: production
2025-09-23 16:39:02 +09:00: {"timestamp":"2025-09-23T07:39:02.450Z","level":"SYSTEM","message":"서버 시작","port":"5001","nodeEnv":"production","workingDir":"/Users/ahndj/Desktop/project/trading/automatic-trading1"}
2025-09-23 16:39:02 +09:00: {"timestamp":"2025-09-23T07:39:02.450Z","level":"SYSTEM","message":"데이터베이스 연결","database":"localhost:5432/trading_db"}
2025-09-23 16:39:02 +09:00: 🎯 [2025-09-23T07:39:02.450Z] 거래 모드: LIVE (실거래)
2025-09-23 16:39:02 +09:00: 🔧 [2025-09-23T07:39:02.450Z] Live 거래 활성화: true
2025-09-23 16:39:02 +09:00: 🌍 [2025-09-23T07:39:02.450Z] 환경: production
2025-09-23 16:39:02 +09:00: 🚨 [2025-09-23T07:39:02.450Z] Live 거래 모드 - 실제 자금으로 거래가 실행됩니다! 🚨
2025-09-23 16:39:02 +09:00: 🔧 [2025-09-23T07:39:02.451Z] HTTP 서버 생성 중...
2025-09-23 16:39:02 +09:00: {"timestamp":"2025-09-23T07:39:02.451Z","level":"INFO","message":"🔧 데이터베이스 시간대 설정 중..."}
2025-09-23 16:39:02 +09:00: ✅ 데이터베이스 시간대가 Asia/Seoul로 설정되었습니다.
2025-09-23 16:39:02 +09:00: {"timestamp":"2025-09-23T07:39:02.456Z","level":"INFO","message":"✅ 데이터베이스 시간대 설정 완료"}
2025-09-23 16:39:02 +09:00: {"timestamp":"2025-09-23T07:39:02.456Z","level":"INFO","message":"🔧 자동매매 시작 중..."}
2025-09-23 16:39:02 +09:00: {"timestamp":"2025-09-23T07:39:02.460Z","level":"INFO","message":"활성 사용자 발견","userId":"5","exchange":"binance"}
2025-09-23 16:39:02 +09:00: {"timestamp":"2025-09-23T07:39:02.460Z","level":"INFO","message":"🚀 사용자 5의 자동매매 시작"}
2025-09-23 16:39:02 +09:00: {"timestamp":"2025-09-23T07:39:02.461Z","level":"INFO","message":"⚠️ 활성 전략이 없어 자동매매를 시작하지 않음"}
2025-09-23 16:39:02 +09:00: {"timestamp":"2025-09-23T07:39:02.461Z","level":"INFO","message":"✅ 자동매매 시작 완료"}
2025-09-23 16:39:02 +09:00: {"timestamp":"2025-09-23T07:39:02.461Z","level":"INFO","message":"🔧 세션 설정 중..."}
2025-09-23 16:39:02 +09:00: {"timestamp":"2025-09-23T07:39:02.471Z","level":"INFO","message":"Redis 클라이언트 연결 성공"}
2025-09-23 16:39:02 +09:00: {"timestamp":"2025-09-23T07:39:02.471Z","level":"INFO","message":"세션 저장소: Redis 사용"}
2025-09-23 16:39:02 +09:00: {"timestamp":"2025-09-23T07:39:02.471Z","level":"INFO","message":"✅ 세션 설정 완료"}
2025-09-23 16:39:02 +09:00: {"timestamp":"2025-09-23T07:39:02.471Z","level":"INFO","message":"🛣️ 라우트 등록 중..."}
2025-09-23 16:39:02 +09:00: 🔍 [2025-09-23T07:39:02.471Z] 라우트 등록 시작 - registerRoutes 함수 호출
2025-09-23 16:39:02 +09:00: {"timestamp":"2025-09-23T07:39:02.475Z","level":"INFO","message":"🌐 서버 환경 감지: 포트 5000으로 고정"}
2025-09-23 16:39:02 +09:00: 🔧 [storage.ts] DATABASE_URL: postgresql://ahndj@localhost:5432/trading_db
2025-09-23 16:39:02 +09:00: 🔧 [BaseRepository.ts] DATABASE_URL: postgresql://ahndj@localhost:5432/trading_db
2025-09-23 16:39:02 +09:00: ℹ️ [ProxyManager] 프록시 설정 없음 - 직접 연결 사용
2025-09-23 16:39:02 +09:00: 🔧 [db.ts] DATABASE_URL: postgresql://ahndj@localhost:5432/trading_db
2025-09-23 16:39:02 +09:00: 🚀 [2025-09-23T07:39:02.690Z] 서버 시작 중...
2025-09-23 16:39:02 +09:00: 🌍 [2025-09-23T07:39:02.690Z] NODE_ENV: production
2025-09-23 16:39:02 +09:00: {"timestamp":"2025-09-23T07:39:02.690Z","level":"SYSTEM","message":"서버 시작","port":"5001","nodeEnv":"production","workingDir":"/Users/ahndj/Desktop/project/trading/automatic-trading1"}
2025-09-23 16:39:02 +09:00: {"timestamp":"2025-09-23T07:39:02.690Z","level":"SYSTEM","message":"데이터베이스 연결","database":"localhost:5432/trading_db"}
2025-09-23 16:39:02 +09:00: 🎯 [2025-09-23T07:39:02.691Z] 거래 모드: LIVE (실거래)
2025-09-23 16:39:02 +09:00: 🔧 [2025-09-23T07:39:02.691Z] Live 거래 활성화: true
2025-09-23 16:39:02 +09:00: 🌍 [2025-09-23T07:39:02.691Z] 환경: production
2025-09-23 16:39:02 +09:00: 🚨 [2025-09-23T07:39:02.691Z] Live 거래 모드 - 실제 자금으로 거래가 실행됩니다! 🚨
2025-09-23 16:39:02 +09:00: 🔧 [2025-09-23T07:39:02.691Z] HTTP 서버 생성 중...
2025-09-23 16:39:02 +09:00: {"timestamp":"2025-09-23T07:39:02.692Z","level":"INFO","message":"🔧 데이터베이스 시간대 설정 중..."}
2025-09-23 16:39:02 +09:00: ✅ 데이터베이스 시간대가 Asia/Seoul로 설정되었습니다.
2025-09-23 16:39:02 +09:00: {"timestamp":"2025-09-23T07:39:02.698Z","level":"INFO","message":"✅ 데이터베이스 시간대 설정 완료"}
2025-09-23 16:39:02 +09:00: {"timestamp":"2025-09-23T07:39:02.698Z","level":"INFO","message":"🔧 자동매매 시작 중..."}
2025-09-23 16:39:02 +09:00: {"timestamp":"2025-09-23T07:39:02.701Z","level":"INFO","message":"활성 사용자 발견","userId":"5","exchange":"binance"}
2025-09-23 16:39:02 +09:00: {"timestamp":"2025-09-23T07:39:02.701Z","level":"INFO","message":"🚀 사용자 5의 자동매매 시작"}
2025-09-23 16:39:02 +09:00: {"timestamp":"2025-09-23T07:39:02.701Z","level":"INFO","message":"⚠️ 활성 전략이 없어 자동매매를 시작하지 않음"}
2025-09-23 16:39:02 +09:00: {"timestamp":"2025-09-23T07:39:02.701Z","level":"INFO","message":"✅ 자동매매 시작 완료"}
2025-09-23 16:39:02 +09:00: {"timestamp":"2025-09-23T07:39:02.701Z","level":"INFO","message":"🔧 세션 설정 중..."}
2025-09-23 16:39:02 +09:00: {"timestamp":"2025-09-23T07:39:02.711Z","level":"INFO","message":"Redis 클라이언트 연결 성공"}
2025-09-23 16:39:02 +09:00: {"timestamp":"2025-09-23T07:39:02.711Z","level":"INFO","message":"세션 저장소: Redis 사용"}
2025-09-23 16:39:02 +09:00: {"timestamp":"2025-09-23T07:39:02.712Z","level":"INFO","message":"✅ 세션 설정 완료"}
2025-09-23 16:39:02 +09:00: {"timestamp":"2025-09-23T07:39:02.712Z","level":"INFO","message":"🛣️ 라우트 등록 중..."}
2025-09-23 16:39:02 +09:00: 🔍 [2025-09-23T07:39:02.712Z] 라우트 등록 시작 - registerRoutes 함수 호출
2025-09-23 16:39:02 +09:00: {"timestamp":"2025-09-23T07:39:02.716Z","level":"INFO","message":"🌐 서버 환경 감지: 포트 5000으로 고정"}
2025-09-23 16:39:02 +09:00: 🔧 [storage.ts] DATABASE_URL: postgresql://ahndj@localhost:5432/trading_db
2025-09-23 16:39:02 +09:00: 🔧 [BaseRepository.ts] DATABASE_URL: postgresql://ahndj@localhost:5432/trading_db
2025-09-23 16:39:02 +09:00: ℹ️ [ProxyManager] 프록시 설정 없음 - 직접 연결 사용
2025-09-23 16:39:02 +09:00: 🔧 [db.ts] DATABASE_URL: postgresql://ahndj@localhost:5432/trading_db
2025-09-23 16:39:02 +09:00: 🚀 [2025-09-23T07:39:02.900Z] 서버 시작 중...
2025-09-23 16:39:02 +09:00: 🌍 [2025-09-23T07:39:02.900Z] NODE_ENV: production
2025-09-23 16:39:02 +09:00: {"timestamp":"2025-09-23T07:39:02.901Z","level":"SYSTEM","message":"서버 시작","port":"5001","nodeEnv":"production","workingDir":"/Users/ahndj/Desktop/project/trading/automatic-trading1"}
2025-09-23 16:39:02 +09:00: {"timestamp":"2025-09-23T07:39:02.901Z","level":"SYSTEM","message":"데이터베이스 연결","database":"localhost:5432/trading_db"}
2025-09-23 16:39:02 +09:00: 🎯 [2025-09-23T07:39:02.901Z] 거래 모드: LIVE (실거래)
2025-09-23 16:39:02 +09:00: 🔧 [2025-09-23T07:39:02.901Z] Live 거래 활성화: true
2025-09-23 16:39:02 +09:00: 🌍 [2025-09-23T07:39:02.901Z] 환경: production
2025-09-23 16:39:02 +09:00: 🚨 [2025-09-23T07:39:02.901Z] Live 거래 모드 - 실제 자금으로 거래가 실행됩니다! 🚨
2025-09-23 16:39:02 +09:00: 🔧 [2025-09-23T07:39:02.901Z] HTTP 서버 생성 중...
2025-09-23 16:39:02 +09:00: {"timestamp":"2025-09-23T07:39:02.902Z","level":"INFO","message":"🔧 데이터베이스 시간대 설정 중..."}
2025-09-23 16:39:02 +09:00: ✅ 데이터베이스 시간대가 Asia/Seoul로 설정되었습니다.
2025-09-23 16:39:02 +09:00: {"timestamp":"2025-09-23T07:39:02.908Z","level":"INFO","message":"✅ 데이터베이스 시간대 설정 완료"}
2025-09-23 16:39:02 +09:00: {"timestamp":"2025-09-23T07:39:02.908Z","level":"INFO","message":"🔧 자동매매 시작 중..."}
2025-09-23 16:39:02 +09:00: {"timestamp":"2025-09-23T07:39:02.910Z","level":"INFO","message":"활성 사용자 발견","userId":"5","exchange":"binance"}
2025-09-23 16:39:02 +09:00: {"timestamp":"2025-09-23T07:39:02.910Z","level":"INFO","message":"🚀 사용자 5의 자동매매 시작"}
2025-09-23 16:39:02 +09:00: {"timestamp":"2025-09-23T07:39:02.911Z","level":"INFO","message":"⚠️ 활성 전략이 없어 자동매매를 시작하지 않음"}
2025-09-23 16:39:02 +09:00: {"timestamp":"2025-09-23T07:39:02.911Z","level":"INFO","message":"✅ 자동매매 시작 완료"}
2025-09-23 16:39:02 +09:00: {"timestamp":"2025-09-23T07:39:02.911Z","level":"INFO","message":"🔧 세션 설정 중..."}
2025-09-23 16:39:02 +09:00: {"timestamp":"2025-09-23T07:39:02.921Z","level":"INFO","message":"Redis 클라이언트 연결 성공"}
2025-09-23 16:39:02 +09:00: {"timestamp":"2025-09-23T07:39:02.922Z","level":"INFO","message":"세션 저장소: Redis 사용"}
2025-09-23 16:39:02 +09:00: {"timestamp":"2025-09-23T07:39:02.922Z","level":"INFO","message":"✅ 세션 설정 완료"}
2025-09-23 16:39:02 +09:00: {"timestamp":"2025-09-23T07:39:02.922Z","level":"INFO","message":"🛣️ 라우트 등록 중..."}
2025-09-23 16:39:02 +09:00: 🔍 [2025-09-23T07:39:02.922Z] 라우트 등록 시작 - registerRoutes 함수 호출
2025-09-23 16:39:02 +09:00: {"timestamp":"2025-09-23T07:39:02.925Z","level":"INFO","message":"🌐 서버 환경 감지: 포트 5000으로 고정"}
2025-09-23 16:39:03 +09:00: 🔧 [storage.ts] DATABASE_URL: postgresql://ahndj@localhost:5432/trading_db
2025-09-23 16:39:03 +09:00: 🔧 [BaseRepository.ts] DATABASE_URL: postgresql://ahndj@localhost:5432/trading_db
2025-09-23 16:39:03 +09:00: ℹ️ [ProxyManager] 프록시 설정 없음 - 직접 연결 사용
2025-09-23 16:39:03 +09:00: 🔧 [db.ts] DATABASE_URL: postgresql://ahndj@localhost:5432/trading_db
2025-09-23 16:39:03 +09:00: 🚀 [2025-09-23T07:39:03.108Z] 서버 시작 중...
2025-09-23 16:39:03 +09:00: 🌍 [2025-09-23T07:39:03.108Z] NODE_ENV: production
2025-09-23 16:39:03 +09:00: {"timestamp":"2025-09-23T07:39:03.108Z","level":"SYSTEM","message":"서버 시작","port":"5001","nodeEnv":"production","workingDir":"/Users/ahndj/Desktop/project/trading/automatic-trading1"}
2025-09-23 16:39:03 +09:00: {"timestamp":"2025-09-23T07:39:03.109Z","level":"SYSTEM","message":"데이터베이스 연결","database":"localhost:5432/trading_db"}
2025-09-23 16:39:03 +09:00: 🎯 [2025-09-23T07:39:03.109Z] 거래 모드: LIVE (실거래)
2025-09-23 16:39:03 +09:00: 🔧 [2025-09-23T07:39:03.109Z] Live 거래 활성화: true
2025-09-23 16:39:03 +09:00: 🌍 [2025-09-23T07:39:03.109Z] 환경: production
2025-09-23 16:39:03 +09:00: 🚨 [2025-09-23T07:39:03.109Z] Live 거래 모드 - 실제 자금으로 거래가 실행됩니다! 🚨
2025-09-23 16:39:03 +09:00: 🔧 [2025-09-23T07:39:03.110Z] HTTP 서버 생성 중...
2025-09-23 16:39:03 +09:00: {"timestamp":"2025-09-23T07:39:03.110Z","level":"INFO","message":"🔧 데이터베이스 시간대 설정 중..."}
2025-09-23 16:39:03 +09:00: ✅ 데이터베이스 시간대가 Asia/Seoul로 설정되었습니다.
2025-09-23 16:39:03 +09:00: {"timestamp":"2025-09-23T07:39:03.116Z","level":"INFO","message":"✅ 데이터베이스 시간대 설정 완료"}
2025-09-23 16:39:03 +09:00: {"timestamp":"2025-09-23T07:39:03.116Z","level":"INFO","message":"🔧 자동매매 시작 중..."}
2025-09-23 16:39:03 +09:00: {"timestamp":"2025-09-23T07:39:03.119Z","level":"INFO","message":"활성 사용자 발견","userId":"5","exchange":"binance"}
2025-09-23 16:39:03 +09:00: {"timestamp":"2025-09-23T07:39:03.119Z","level":"INFO","message":"🚀 사용자 5의 자동매매 시작"}
2025-09-23 16:39:03 +09:00: {"timestamp":"2025-09-23T07:39:03.120Z","level":"INFO","message":"⚠️ 활성 전략이 없어 자동매매를 시작하지 않음"}
2025-09-23 16:39:03 +09:00: {"timestamp":"2025-09-23T07:39:03.120Z","level":"INFO","message":"✅ 자동매매 시작 완료"}
2025-09-23 16:39:03 +09:00: {"timestamp":"2025-09-23T07:39:03.120Z","level":"INFO","message":"🔧 세션 설정 중..."}
2025-09-23 16:39:03 +09:00: {"timestamp":"2025-09-23T07:39:03.131Z","level":"INFO","message":"Redis 클라이언트 연결 성공"}
2025-09-23 16:39:03 +09:00: {"timestamp":"2025-09-23T07:39:03.131Z","level":"INFO","message":"세션 저장소: Redis 사용"}
2025-09-23 16:39:03 +09:00: {"timestamp":"2025-09-23T07:39:03.131Z","level":"INFO","message":"✅ 세션 설정 완료"}
2025-09-23 16:39:03 +09:00: {"timestamp":"2025-09-23T07:39:03.131Z","level":"INFO","message":"🛣️ 라우트 등록 중..."}
2025-09-23 16:39:03 +09:00: 🔍 [2025-09-23T07:39:03.131Z] 라우트 등록 시작 - registerRoutes 함수 호출
2025-09-23 16:39:03 +09:00: {"timestamp":"2025-09-23T07:39:03.135Z","level":"INFO","message":"🌐 서버 환경 감지: 포트 5000으로 고정"}
2025-09-23 16:39:03 +09:00: 🔧 [storage.ts] DATABASE_URL: postgresql://ahndj@localhost:5432/trading_db
2025-09-23 16:39:03 +09:00: 🔧 [BaseRepository.ts] DATABASE_URL: postgresql://ahndj@localhost:5432/trading_db
2025-09-23 16:39:03 +09:00: ℹ️ [ProxyManager] 프록시 설정 없음 - 직접 연결 사용
2025-09-23 16:39:03 +09:00: 🔧 [db.ts] DATABASE_URL: postgresql://ahndj@localhost:5432/trading_db
2025-09-23 16:39:03 +09:00: 🚀 [2025-09-23T07:39:03.319Z] 서버 시작 중...
2025-09-23 16:39:03 +09:00: 🌍 [2025-09-23T07:39:03.319Z] NODE_ENV: production
2025-09-23 16:39:03 +09:00: {"timestamp":"2025-09-23T07:39:03.319Z","level":"SYSTEM","message":"서버 시작","port":"5001","nodeEnv":"production","workingDir":"/Users/ahndj/Desktop/project/trading/automatic-trading1"}
2025-09-23 16:39:03 +09:00: {"timestamp":"2025-09-23T07:39:03.319Z","level":"SYSTEM","message":"데이터베이스 연결","database":"localhost:5432/trading_db"}
2025-09-23 16:39:03 +09:00: 🎯 [2025-09-23T07:39:03.319Z] 거래 모드: LIVE (실거래)
2025-09-23 16:39:03 +09:00: 🔧 [2025-09-23T07:39:03.319Z] Live 거래 활성화: true
2025-09-23 16:39:03 +09:00: 🌍 [2025-09-23T07:39:03.319Z] 환경: production
2025-09-23 16:39:03 +09:00: 🚨 [2025-09-23T07:39:03.319Z] Live 거래 모드 - 실제 자금으로 거래가 실행됩니다! 🚨
2025-09-23 16:39:03 +09:00: 🔧 [2025-09-23T07:39:03.321Z] HTTP 서버 생성 중...
2025-09-23 16:39:03 +09:00: {"timestamp":"2025-09-23T07:39:03.321Z","level":"INFO","message":"🔧 데이터베이스 시간대 설정 중..."}
2025-09-23 16:39:03 +09:00: ✅ 데이터베이스 시간대가 Asia/Seoul로 설정되었습니다.
2025-09-23 16:39:03 +09:00: {"timestamp":"2025-09-23T07:39:03.327Z","level":"INFO","message":"✅ 데이터베이스 시간대 설정 완료"}
2025-09-23 16:39:03 +09:00: {"timestamp":"2025-09-23T07:39:03.327Z","level":"INFO","message":"🔧 자동매매 시작 중..."}
2025-09-23 16:39:03 +09:00: {"timestamp":"2025-09-23T07:39:03.330Z","level":"INFO","message":"활성 사용자 발견","userId":"5","exchange":"binance"}
2025-09-23 16:39:03 +09:00: {"timestamp":"2025-09-23T07:39:03.330Z","level":"INFO","message":"🚀 사용자 5의 자동매매 시작"}
2025-09-23 16:39:03 +09:00: {"timestamp":"2025-09-23T07:39:03.331Z","level":"INFO","message":"⚠️ 활성 전략이 없어 자동매매를 시작하지 않음"}
2025-09-23 16:39:03 +09:00: {"timestamp":"2025-09-23T07:39:03.331Z","level":"INFO","message":"✅ 자동매매 시작 완료"}
2025-09-23 16:39:03 +09:00: {"timestamp":"2025-09-23T07:39:03.331Z","level":"INFO","message":"🔧 세션 설정 중..."}
2025-09-23 16:39:03 +09:00: {"timestamp":"2025-09-23T07:39:03.341Z","level":"INFO","message":"Redis 클라이언트 연결 성공"}
2025-09-23 16:39:03 +09:00: {"timestamp":"2025-09-23T07:39:03.341Z","level":"INFO","message":"세션 저장소: Redis 사용"}
2025-09-23 16:39:03 +09:00: {"timestamp":"2025-09-23T07:39:03.341Z","level":"INFO","message":"✅ 세션 설정 완료"}
2025-09-23 16:39:03 +09:00: {"timestamp":"2025-09-23T07:39:03.341Z","level":"INFO","message":"🛣️ 라우트 등록 중..."}
2025-09-23 16:39:03 +09:00: 🔍 [2025-09-23T07:39:03.341Z] 라우트 등록 시작 - registerRoutes 함수 호출
2025-09-23 16:39:03 +09:00: {"timestamp":"2025-09-23T07:39:03.346Z","level":"INFO","message":"🌐 서버 환경 감지: 포트 5000으로 고정"}
2025-09-23 16:39:03 +09:00: 🔧 [storage.ts] DATABASE_URL: postgresql://ahndj@localhost:5432/trading_db
2025-09-23 16:39:03 +09:00: 🔧 [BaseRepository.ts] DATABASE_URL: postgresql://ahndj@localhost:5432/trading_db
2025-09-23 16:39:03 +09:00: ℹ️ [ProxyManager] 프록시 설정 없음 - 직접 연결 사용
2025-09-23 16:39:03 +09:00: 🔧 [db.ts] DATABASE_URL: postgresql://ahndj@localhost:5432/trading_db
2025-09-23 16:39:03 +09:00: 🚀 [2025-09-23T07:39:03.528Z] 서버 시작 중...
2025-09-23 16:39:03 +09:00: 🌍 [2025-09-23T07:39:03.528Z] NODE_ENV: production
2025-09-23 16:39:03 +09:00: {"timestamp":"2025-09-23T07:39:03.528Z","level":"SYSTEM","message":"서버 시작","port":"5001","nodeEnv":"production","workingDir":"/Users/ahndj/Desktop/project/trading/automatic-trading1"}
2025-09-23 16:39:03 +09:00: {"timestamp":"2025-09-23T07:39:03.528Z","level":"SYSTEM","message":"데이터베이스 연결","database":"localhost:5432/trading_db"}
2025-09-23 16:39:03 +09:00: 🎯 [2025-09-23T07:39:03.528Z] 거래 모드: LIVE (실거래)
2025-09-23 16:39:03 +09:00: 🔧 [2025-09-23T07:39:03.528Z] Live 거래 활성화: true
2025-09-23 16:39:03 +09:00: 🌍 [2025-09-23T07:39:03.528Z] 환경: production
2025-09-23 16:39:03 +09:00: 🚨 [2025-09-23T07:39:03.528Z] Live 거래 모드 - 실제 자금으로 거래가 실행됩니다! 🚨
2025-09-23 16:39:03 +09:00: 🔧 [2025-09-23T07:39:03.529Z] HTTP 서버 생성 중...
2025-09-23 16:39:03 +09:00: {"timestamp":"2025-09-23T07:39:03.529Z","level":"INFO","message":"🔧 데이터베이스 시간대 설정 중..."}
2025-09-23 16:39:03 +09:00: ✅ 데이터베이스 시간대가 Asia/Seoul로 설정되었습니다.
2025-09-23 16:39:03 +09:00: {"timestamp":"2025-09-23T07:39:03.539Z","level":"INFO","message":"✅ 데이터베이스 시간대 설정 완료"}
2025-09-23 16:39:03 +09:00: {"timestamp":"2025-09-23T07:39:03.539Z","level":"INFO","message":"🔧 자동매매 시작 중..."}
2025-09-23 16:39:03 +09:00: {"timestamp":"2025-09-23T07:39:03.542Z","level":"INFO","message":"활성 사용자 발견","userId":"5","exchange":"binance"}
2025-09-23 16:39:03 +09:00: {"timestamp":"2025-09-23T07:39:03.542Z","level":"INFO","message":"🚀 사용자 5의 자동매매 시작"}
2025-09-23 16:39:03 +09:00: {"timestamp":"2025-09-23T07:39:03.543Z","level":"INFO","message":"⚠️ 활성 전략이 없어 자동매매를 시작하지 않음"}
2025-09-23 16:39:03 +09:00: {"timestamp":"2025-09-23T07:39:03.543Z","level":"INFO","message":"✅ 자동매매 시작 완료"}
2025-09-23 16:39:03 +09:00: {"timestamp":"2025-09-23T07:39:03.543Z","level":"INFO","message":"🔧 세션 설정 중..."}
2025-09-23 16:39:03 +09:00: {"timestamp":"2025-09-23T07:39:03.554Z","level":"INFO","message":"Redis 클라이언트 연결 성공"}
2025-09-23 16:39:03 +09:00: {"timestamp":"2025-09-23T07:39:03.554Z","level":"INFO","message":"세션 저장소: Redis 사용"}
2025-09-23 16:39:03 +09:00: {"timestamp":"2025-09-23T07:39:03.554Z","level":"INFO","message":"✅ 세션 설정 완료"}
2025-09-23 16:39:03 +09:00: {"timestamp":"2025-09-23T07:39:03.554Z","level":"INFO","message":"🛣️ 라우트 등록 중..."}
2025-09-23 16:39:03 +09:00: 🔍 [2025-09-23T07:39:03.554Z] 라우트 등록 시작 - registerRoutes 함수 호출
2025-09-23 16:39:03 +09:00: {"timestamp":"2025-09-23T07:39:03.557Z","level":"INFO","message":"🌐 서버 환경 감지: 포트 5000으로 고정"}
2025-09-23 16:39:03 +09:00: 🔧 [storage.ts] DATABASE_URL: postgresql://ahndj@localhost:5432/trading_db
2025-09-23 16:39:03 +09:00: 🔧 [BaseRepository.ts] DATABASE_URL: postgresql://ahndj@localhost:5432/trading_db
2025-09-23 16:39:03 +09:00: ℹ️ [ProxyManager] 프록시 설정 없음 - 직접 연결 사용
2025-09-23 16:39:03 +09:00: 🔧 [db.ts] DATABASE_URL: postgresql://ahndj@localhost:5432/trading_db
2025-09-23 16:39:03 +09:00: 🚀 [2025-09-23T07:39:03.754Z] 서버 시작 중...
2025-09-23 16:39:03 +09:00: 🌍 [2025-09-23T07:39:03.754Z] NODE_ENV: production
2025-09-23 16:39:03 +09:00: {"timestamp":"2025-09-23T07:39:03.754Z","level":"SYSTEM","message":"서버 시작","port":"5001","nodeEnv":"production","workingDir":"/Users/ahndj/Desktop/project/trading/automatic-trading1"}
2025-09-23 16:39:03 +09:00: {"timestamp":"2025-09-23T07:39:03.754Z","level":"SYSTEM","message":"데이터베이스 연결","database":"localhost:5432/trading_db"}
2025-09-23 16:39:03 +09:00: 🎯 [2025-09-23T07:39:03.754Z] 거래 모드: LIVE (실거래)
2025-09-23 16:39:03 +09:00: 🔧 [2025-09-23T07:39:03.754Z] Live 거래 활성화: true
2025-09-23 16:39:03 +09:00: 🌍 [2025-09-23T07:39:03.754Z] 환경: production
2025-09-23 16:39:03 +09:00: 🚨 [2025-09-23T07:39:03.754Z] Live 거래 모드 - 실제 자금으로 거래가 실행됩니다! 🚨
2025-09-23 16:39:03 +09:00: 🔧 [2025-09-23T07:39:03.755Z] HTTP 서버 생성 중...
2025-09-23 16:39:03 +09:00: {"timestamp":"2025-09-23T07:39:03.755Z","level":"INFO","message":"🔧 데이터베이스 시간대 설정 중..."}
2025-09-23 16:39:03 +09:00: ✅ 데이터베이스 시간대가 Asia/Seoul로 설정되었습니다.
2025-09-23 16:39:03 +09:00: {"timestamp":"2025-09-23T07:39:03.760Z","level":"INFO","message":"✅ 데이터베이스 시간대 설정 완료"}
2025-09-23 16:39:03 +09:00: {"timestamp":"2025-09-23T07:39:03.760Z","level":"INFO","message":"🔧 자동매매 시작 중..."}
2025-09-23 16:39:03 +09:00: {"timestamp":"2025-09-23T07:39:03.764Z","level":"INFO","message":"활성 사용자 발견","userId":"5","exchange":"binance"}
2025-09-23 16:39:03 +09:00: {"timestamp":"2025-09-23T07:39:03.764Z","level":"INFO","message":"🚀 사용자 5의 자동매매 시작"}
2025-09-23 16:39:03 +09:00: {"timestamp":"2025-09-23T07:39:03.765Z","level":"INFO","message":"⚠️ 활성 전략이 없어 자동매매를 시작하지 않음"}
2025-09-23 16:39:03 +09:00: {"timestamp":"2025-09-23T07:39:03.765Z","level":"INFO","message":"✅ 자동매매 시작 완료"}
2025-09-23 16:39:03 +09:00: {"timestamp":"2025-09-23T07:39:03.765Z","level":"INFO","message":"🔧 세션 설정 중..."}
2025-09-23 16:39:03 +09:00: {"timestamp":"2025-09-23T07:39:03.775Z","level":"INFO","message":"Redis 클라이언트 연결 성공"}
2025-09-23 16:39:03 +09:00: {"timestamp":"2025-09-23T07:39:03.775Z","level":"INFO","message":"세션 저장소: Redis 사용"}
2025-09-23 16:39:03 +09:00: {"timestamp":"2025-09-23T07:39:03.775Z","level":"INFO","message":"✅ 세션 설정 완료"}
2025-09-23 16:39:03 +09:00: {"timestamp":"2025-09-23T07:39:03.775Z","level":"INFO","message":"🛣️ 라우트 등록 중..."}
2025-09-23 16:39:03 +09:00: 🔍 [2025-09-23T07:39:03.775Z] 라우트 등록 시작 - registerRoutes 함수 호출
2025-09-23 16:39:03 +09:00: {"timestamp":"2025-09-23T07:39:03.780Z","level":"INFO","message":"🌐 서버 환경 감지: 포트 5000으로 고정"}
2025-09-23 16:39:03 +09:00: 🔧 [storage.ts] DATABASE_URL: postgresql://ahndj@localhost:5432/trading_db
2025-09-23 16:39:03 +09:00: 🔧 [BaseRepository.ts] DATABASE_URL: postgresql://ahndj@localhost:5432/trading_db
2025-09-23 16:39:03 +09:00: ℹ️ [ProxyManager] 프록시 설정 없음 - 직접 연결 사용
2025-09-23 16:39:03 +09:00: 🔧 [db.ts] DATABASE_URL: postgresql://ahndj@localhost:5432/trading_db
2025-09-23 16:39:03 +09:00: 🚀 [2025-09-23T07:39:03.969Z] 서버 시작 중...
2025-09-23 16:39:03 +09:00: 🌍 [2025-09-23T07:39:03.969Z] NODE_ENV: production
2025-09-23 16:39:03 +09:00: {"timestamp":"2025-09-23T07:39:03.969Z","level":"SYSTEM","message":"서버 시작","port":"5001","nodeEnv":"production","workingDir":"/Users/ahndj/Desktop/project/trading/automatic-trading1"}
2025-09-23 16:39:03 +09:00: {"timestamp":"2025-09-23T07:39:03.969Z","level":"SYSTEM","message":"데이터베이스 연결","database":"localhost:5432/trading_db"}
2025-09-23 16:39:03 +09:00: 🎯 [2025-09-23T07:39:03.969Z] 거래 모드: LIVE (실거래)
2025-09-23 16:39:03 +09:00: 🔧 [2025-09-23T07:39:03.969Z] Live 거래 활성화: true
2025-09-23 16:39:03 +09:00: 🌍 [2025-09-23T07:39:03.969Z] 환경: production
2025-09-23 16:39:03 +09:00: 🚨 [2025-09-23T07:39:03.969Z] Live 거래 모드 - 실제 자금으로 거래가 실행됩니다! 🚨
2025-09-23 16:39:03 +09:00: 🔧 [2025-09-23T07:39:03.970Z] HTTP 서버 생성 중...
2025-09-23 16:39:03 +09:00: {"timestamp":"2025-09-23T07:39:03.970Z","level":"INFO","message":"🔧 데이터베이스 시간대 설정 중..."}
2025-09-23 16:39:03 +09:00: ✅ 데이터베이스 시간대가 Asia/Seoul로 설정되었습니다.
2025-09-23 16:39:03 +09:00: {"timestamp":"2025-09-23T07:39:03.977Z","level":"INFO","message":"✅ 데이터베이스 시간대 설정 완료"}
2025-09-23 16:39:03 +09:00: {"timestamp":"2025-09-23T07:39:03.977Z","level":"INFO","message":"🔧 자동매매 시작 중..."}
2025-09-23 16:39:03 +09:00: {"timestamp":"2025-09-23T07:39:03.981Z","level":"INFO","message":"활성 사용자 발견","userId":"5","exchange":"binance"}
2025-09-23 16:39:03 +09:00: {"timestamp":"2025-09-23T07:39:03.981Z","level":"INFO","message":"🚀 사용자 5의 자동매매 시작"}
2025-09-23 16:39:03 +09:00: {"timestamp":"2025-09-23T07:39:03.981Z","level":"INFO","message":"⚠️ 활성 전략이 없어 자동매매를 시작하지 않음"}
2025-09-23 16:39:03 +09:00: {"timestamp":"2025-09-23T07:39:03.982Z","level":"INFO","message":"✅ 자동매매 시작 완료"}
2025-09-23 16:39:03 +09:00: {"timestamp":"2025-09-23T07:39:03.982Z","level":"INFO","message":"🔧 세션 설정 중..."}
2025-09-23 16:39:03 +09:00: {"timestamp":"2025-09-23T07:39:03.992Z","level":"INFO","message":"Redis 클라이언트 연결 성공"}
2025-09-23 16:39:03 +09:00: {"timestamp":"2025-09-23T07:39:03.992Z","level":"INFO","message":"세션 저장소: Redis 사용"}
2025-09-23 16:39:03 +09:00: {"timestamp":"2025-09-23T07:39:03.992Z","level":"INFO","message":"✅ 세션 설정 완료"}
2025-09-23 16:39:03 +09:00: {"timestamp":"2025-09-23T07:39:03.992Z","level":"INFO","message":"🛣️ 라우트 등록 중..."}
2025-09-23 16:39:03 +09:00: 🔍 [2025-09-23T07:39:03.992Z] 라우트 등록 시작 - registerRoutes 함수 호출
2025-09-23 16:39:03 +09:00: {"timestamp":"2025-09-23T07:39:03.996Z","level":"INFO","message":"🌐 서버 환경 감지: 포트 5000으로 고정"}
2025-09-23 16:39:04 +09:00: 🔧 [storage.ts] DATABASE_URL: postgresql://ahndj@localhost:5432/trading_db
2025-09-23 16:39:04 +09:00: 🔧 [BaseRepository.ts] DATABASE_URL: postgresql://ahndj@localhost:5432/trading_db
2025-09-23 16:39:04 +09:00: ℹ️ [ProxyManager] 프록시 설정 없음 - 직접 연결 사용
2025-09-23 16:39:04 +09:00: 🔧 [db.ts] DATABASE_URL: postgresql://ahndj@localhost:5432/trading_db
2025-09-23 16:39:04 +09:00: 🚀 [2025-09-23T07:39:04.184Z] 서버 시작 중...
2025-09-23 16:39:04 +09:00: 🌍 [2025-09-23T07:39:04.184Z] NODE_ENV: production
2025-09-23 16:39:04 +09:00: {"timestamp":"2025-09-23T07:39:04.185Z","level":"SYSTEM","message":"서버 시작","port":"5001","nodeEnv":"production","workingDir":"/Users/ahndj/Desktop/project/trading/automatic-trading1"}
2025-09-23 16:39:04 +09:00: {"timestamp":"2025-09-23T07:39:04.185Z","level":"SYSTEM","message":"데이터베이스 연결","database":"localhost:5432/trading_db"}
2025-09-23 16:39:04 +09:00: 🎯 [2025-09-23T07:39:04.185Z] 거래 모드: LIVE (실거래)
2025-09-23 16:39:04 +09:00: 🔧 [2025-09-23T07:39:04.185Z] Live 거래 활성화: true
2025-09-23 16:39:04 +09:00: 🌍 [2025-09-23T07:39:04.185Z] 환경: production
2025-09-23 16:39:04 +09:00: 🚨 [2025-09-23T07:39:04.185Z] Live 거래 모드 - 실제 자금으로 거래가 실행됩니다! 🚨
2025-09-23 16:39:04 +09:00: 🔧 [2025-09-23T07:39:04.185Z] HTTP 서버 생성 중...
2025-09-23 16:39:04 +09:00: {"timestamp":"2025-09-23T07:39:04.186Z","level":"INFO","message":"🔧 데이터베이스 시간대 설정 중..."}
2025-09-23 16:39:04 +09:00: ✅ 데이터베이스 시간대가 Asia/Seoul로 설정되었습니다.
2025-09-23 16:39:04 +09:00: {"timestamp":"2025-09-23T07:39:04.192Z","level":"INFO","message":"✅ 데이터베이스 시간대 설정 완료"}
2025-09-23 16:39:04 +09:00: {"timestamp":"2025-09-23T07:39:04.192Z","level":"INFO","message":"🔧 자동매매 시작 중..."}
2025-09-23 16:39:04 +09:00: {"timestamp":"2025-09-23T07:39:04.195Z","level":"INFO","message":"활성 사용자 발견","userId":"5","exchange":"binance"}
2025-09-23 16:39:04 +09:00: {"timestamp":"2025-09-23T07:39:04.195Z","level":"INFO","message":"🚀 사용자 5의 자동매매 시작"}
2025-09-23 16:39:04 +09:00: {"timestamp":"2025-09-23T07:39:04.196Z","level":"INFO","message":"⚠️ 활성 전략이 없어 자동매매를 시작하지 않음"}
2025-09-23 16:39:04 +09:00: {"timestamp":"2025-09-23T07:39:04.196Z","level":"INFO","message":"✅ 자동매매 시작 완료"}
2025-09-23 16:39:04 +09:00: {"timestamp":"2025-09-23T07:39:04.196Z","level":"INFO","message":"🔧 세션 설정 중..."}
2025-09-23 16:39:04 +09:00: {"timestamp":"2025-09-23T07:39:04.206Z","level":"INFO","message":"Redis 클라이언트 연결 성공"}
2025-09-23 16:39:04 +09:00: {"timestamp":"2025-09-23T07:39:04.207Z","level":"INFO","message":"세션 저장소: Redis 사용"}
2025-09-23 16:39:04 +09:00: {"timestamp":"2025-09-23T07:39:04.207Z","level":"INFO","message":"✅ 세션 설정 완료"}
2025-09-23 16:39:04 +09:00: {"timestamp":"2025-09-23T07:39:04.207Z","level":"INFO","message":"🛣️ 라우트 등록 중..."}
2025-09-23 16:39:04 +09:00: 🔍 [2025-09-23T07:39:04.207Z] 라우트 등록 시작 - registerRoutes 함수 호출
2025-09-23 16:39:04 +09:00: {"timestamp":"2025-09-23T07:39:04.210Z","level":"INFO","message":"🌐 서버 환경 감지: 포트 5000으로 고정"}
2025-09-23 17:06:45 +09:00: 🔧 [storage.ts] DATABASE_URL: postgresql://ahndj@localhost:5432/trading_db
2025-09-23 17:06:45 +09:00: 🔧 [BaseRepository.ts] DATABASE_URL: postgresql://ahndj@localhost:5432/trading_db
2025-09-23 17:06:45 +09:00: ℹ️ [ProxyManager] 프록시 설정 없음 - 직접 연결 사용
2025-09-23 17:06:45 +09:00: 🔧 [db.ts] DATABASE_URL: postgresql://ahndj@localhost:5432/trading_db
2025-09-23 17:06:45 +09:00: 🚀 [2025-09-23T08:06:45.087Z] 서버 시작 중...
2025-09-23 17:06:45 +09:00: 🌍 [2025-09-23T08:06:45.087Z] NODE_ENV: production
2025-09-23 17:06:45 +09:00: {"timestamp":"2025-09-23T08:06:45.087Z","level":"SYSTEM","message":"서버 시작","port":"5001","nodeEnv":"production","workingDir":"/Users/ahndj/Desktop/project/trading/automatic-trading1"}
2025-09-23 17:06:45 +09:00: {"timestamp":"2025-09-23T08:06:45.087Z","level":"SYSTEM","message":"데이터베이스 연결","database":"localhost:5432/trading_db"}
2025-09-23 17:06:45 +09:00: 🎯 [2025-09-23T08:06:45.087Z] 거래 모드: LIVE (실거래)
2025-09-23 17:06:45 +09:00: 🔧 [2025-09-23T08:06:45.087Z] Live 거래 활성화: true
2025-09-23 17:06:45 +09:00: 🌍 [2025-09-23T08:06:45.087Z] 환경: production
2025-09-23 17:06:45 +09:00: 🚨 [2025-09-23T08:06:45.087Z] Live 거래 모드 - 실제 자금으로 거래가 실행됩니다! 🚨
2025-09-23 17:06:45 +09:00: 🔧 [2025-09-23T08:06:45.088Z] HTTP 서버 생성 중...
2025-09-23 17:06:45 +09:00: {"timestamp":"2025-09-23T08:06:45.088Z","level":"INFO","message":"🔧 데이터베이스 시간대 설정 중..."}
2025-09-23 17:06:45 +09:00: ✅ 데이터베이스 시간대가 Asia/Seoul로 설정되었습니다.
2025-09-23 17:06:45 +09:00: {"timestamp":"2025-09-23T08:06:45.164Z","level":"INFO","message":"✅ 데이터베이스 시간대 설정 완료"}
2025-09-23 17:06:45 +09:00: {"timestamp":"2025-09-23T08:06:45.164Z","level":"INFO","message":"🔧 자동매매 시작 중..."}
2025-09-23 17:06:45 +09:00: {"timestamp":"2025-09-23T08:06:45.168Z","level":"INFO","message":"활성 사용자 발견","userId":"5","exchange":"binance"}
2025-09-23 17:06:45 +09:00: {"timestamp":"2025-09-23T08:06:45.168Z","level":"INFO","message":"🚀 사용자 5의 자동매매 시작"}
2025-09-23 17:06:45 +09:00: {"timestamp":"2025-09-23T08:06:45.169Z","level":"INFO","message":"⚠️ 활성 전략이 없어 자동매매를 시작하지 않음"}
2025-09-23 17:06:45 +09:00: {"timestamp":"2025-09-23T08:06:45.169Z","level":"INFO","message":"✅ 자동매매 시작 완료"}
2025-09-23 17:06:45 +09:00: {"timestamp":"2025-09-23T08:06:45.169Z","level":"INFO","message":"🔧 세션 설정 중..."}
2025-09-23 17:06:45 +09:00: {"timestamp":"2025-09-23T08:06:45.180Z","level":"INFO","message":"Redis 클라이언트 연결 성공"}
2025-09-23 17:06:45 +09:00: {"timestamp":"2025-09-23T08:06:45.180Z","level":"INFO","message":"세션 저장소: Redis 사용"}
2025-09-23 17:06:45 +09:00: {"timestamp":"2025-09-23T08:06:45.180Z","level":"INFO","message":"✅ 세션 설정 완료"}
2025-09-23 17:06:45 +09:00: {"timestamp":"2025-09-23T08:06:45.180Z","level":"INFO","message":"🛣️ 라우트 등록 중..."}
2025-09-23 17:06:45 +09:00: 🔍 [2025-09-23T08:06:45.180Z] 라우트 등록 시작 - registerRoutes 함수 호출
2025-09-23 17:06:45 +09:00: {"timestamp":"2025-09-23T08:06:45.184Z","level":"INFO","message":"🌐 서버 환경 감지: 포트 5000으로 고정"}
2025-09-23 17:06:45 +09:00: 🔧 [storage.ts] DATABASE_URL: postgresql://ahndj@localhost:5432/trading_db
2025-09-23 17:06:45 +09:00: 🔧 [BaseRepository.ts] DATABASE_URL: postgresql://ahndj@localhost:5432/trading_db
2025-09-23 17:06:45 +09:00: ℹ️ [ProxyManager] 프록시 설정 없음 - 직접 연결 사용
2025-09-23 17:06:45 +09:00: 🔧 [db.ts] DATABASE_URL: postgresql://ahndj@localhost:5432/trading_db
2025-09-23 17:06:45 +09:00: 🚀 [2025-09-23T08:06:45.385Z] 서버 시작 중...
2025-09-23 17:06:45 +09:00: 🌍 [2025-09-23T08:06:45.385Z] NODE_ENV: production
2025-09-23 17:06:45 +09:00: {"timestamp":"2025-09-23T08:06:45.386Z","level":"SYSTEM","message":"서버 시작","port":"5001","nodeEnv":"production","workingDir":"/Users/ahndj/Desktop/project/trading/automatic-trading1"}
2025-09-23 17:06:45 +09:00: {"timestamp":"2025-09-23T08:06:45.386Z","level":"SYSTEM","message":"데이터베이스 연결","database":"localhost:5432/trading_db"}
2025-09-23 17:06:45 +09:00: 🎯 [2025-09-23T08:06:45.386Z] 거래 모드: LIVE (실거래)
2025-09-23 17:06:45 +09:00: 🔧 [2025-09-23T08:06:45.386Z] Live 거래 활성화: true
2025-09-23 17:06:45 +09:00: 🌍 [2025-09-23T08:06:45.386Z] 환경: production
2025-09-23 17:06:45 +09:00: 🚨 [2025-09-23T08:06:45.386Z] Live 거래 모드 - 실제 자금으로 거래가 실행됩니다! 🚨
2025-09-23 17:06:45 +09:00: 🔧 [2025-09-23T08:06:45.387Z] HTTP 서버 생성 중...
2025-09-23 17:06:45 +09:00: {"timestamp":"2025-09-23T08:06:45.387Z","level":"INFO","message":"🔧 데이터베이스 시간대 설정 중..."}
2025-09-23 17:06:45 +09:00: ✅ 데이터베이스 시간대가 Asia/Seoul로 설정되었습니다.
2025-09-23 17:06:45 +09:00: {"timestamp":"2025-09-23T08:06:45.393Z","level":"INFO","message":"✅ 데이터베이스 시간대 설정 완료"}
2025-09-23 17:06:45 +09:00: {"timestamp":"2025-09-23T08:06:45.393Z","level":"INFO","message":"🔧 자동매매 시작 중..."}
2025-09-23 17:06:45 +09:00: {"timestamp":"2025-09-23T08:06:45.397Z","level":"INFO","message":"활성 사용자 발견","userId":"5","exchange":"binance"}
2025-09-23 17:06:45 +09:00: {"timestamp":"2025-09-23T08:06:45.397Z","level":"INFO","message":"🚀 사용자 5의 자동매매 시작"}
2025-09-23 17:06:45 +09:00: {"timestamp":"2025-09-23T08:06:45.397Z","level":"INFO","message":"⚠️ 활성 전략이 없어 자동매매를 시작하지 않음"}
2025-09-23 17:06:45 +09:00: {"timestamp":"2025-09-23T08:06:45.397Z","level":"INFO","message":"✅ 자동매매 시작 완료"}
2025-09-23 17:06:45 +09:00: {"timestamp":"2025-09-23T08:06:45.397Z","level":"INFO","message":"🔧 세션 설정 중..."}
2025-09-23 17:06:45 +09:00: {"timestamp":"2025-09-23T08:06:45.406Z","level":"INFO","message":"Redis 클라이언트 연결 성공"}
2025-09-23 17:06:45 +09:00: {"timestamp":"2025-09-23T08:06:45.406Z","level":"INFO","message":"세션 저장소: Redis 사용"}
2025-09-23 17:06:45 +09:00: {"timestamp":"2025-09-23T08:06:45.406Z","level":"INFO","message":"✅ 세션 설정 완료"}
2025-09-23 17:06:45 +09:00: {"timestamp":"2025-09-23T08:06:45.406Z","level":"INFO","message":"🛣️ 라우트 등록 중..."}
2025-09-23 17:06:45 +09:00: 🔍 [2025-09-23T08:06:45.406Z] 라우트 등록 시작 - registerRoutes 함수 호출
2025-09-23 17:06:45 +09:00: {"timestamp":"2025-09-23T08:06:45.410Z","level":"INFO","message":"🌐 서버 환경 감지: 포트 5000으로 고정"}
2025-09-23 17:06:45 +09:00: 🔧 [storage.ts] DATABASE_URL: postgresql://ahndj@localhost:5432/trading_db
2025-09-23 17:06:45 +09:00: 🔧 [BaseRepository.ts] DATABASE_URL: postgresql://ahndj@localhost:5432/trading_db
2025-09-23 17:06:45 +09:00: ℹ️ [ProxyManager] 프록시 설정 없음 - 직접 연결 사용
2025-09-23 17:06:45 +09:00: 🔧 [db.ts] DATABASE_URL: postgresql://ahndj@localhost:5432/trading_db
2025-09-23 17:06:45 +09:00: 🚀 [2025-09-23T08:06:45.593Z] 서버 시작 중...
2025-09-23 17:06:45 +09:00: 🌍 [2025-09-23T08:06:45.593Z] NODE_ENV: production
2025-09-23 17:06:45 +09:00: {"timestamp":"2025-09-23T08:06:45.593Z","level":"SYSTEM","message":"서버 시작","port":"5001","nodeEnv":"production","workingDir":"/Users/ahndj/Desktop/project/trading/automatic-trading1"}
2025-09-23 17:06:45 +09:00: {"timestamp":"2025-09-23T08:06:45.593Z","level":"SYSTEM","message":"데이터베이스 연결","database":"localhost:5432/trading_db"}
2025-09-23 17:06:45 +09:00: 🎯 [2025-09-23T08:06:45.593Z] 거래 모드: LIVE (실거래)
2025-09-23 17:06:45 +09:00: 🔧 [2025-09-23T08:06:45.593Z] Live 거래 활성화: true
2025-09-23 17:06:45 +09:00: 🌍 [2025-09-23T08:06:45.593Z] 환경: production
2025-09-23 17:06:45 +09:00: 🚨 [2025-09-23T08:06:45.593Z] Live 거래 모드 - 실제 자금으로 거래가 실행됩니다! 🚨
2025-09-23 17:06:45 +09:00: 🔧 [2025-09-23T08:06:45.594Z] HTTP 서버 생성 중...
2025-09-23 17:06:45 +09:00: {"timestamp":"2025-09-23T08:06:45.594Z","level":"INFO","message":"🔧 데이터베이스 시간대 설정 중..."}
2025-09-23 17:06:45 +09:00: ✅ 데이터베이스 시간대가 Asia/Seoul로 설정되었습니다.
2025-09-23 17:06:45 +09:00: {"timestamp":"2025-09-23T08:06:45.601Z","level":"INFO","message":"✅ 데이터베이스 시간대 설정 완료"}
2025-09-23 17:06:45 +09:00: {"timestamp":"2025-09-23T08:06:45.601Z","level":"INFO","message":"🔧 자동매매 시작 중..."}
2025-09-23 17:06:45 +09:00: {"timestamp":"2025-09-23T08:06:45.604Z","level":"INFO","message":"활성 사용자 발견","userId":"5","exchange":"binance"}
2025-09-23 17:06:45 +09:00: {"timestamp":"2025-09-23T08:06:45.605Z","level":"INFO","message":"🚀 사용자 5의 자동매매 시작"}
2025-09-23 17:06:45 +09:00: {"timestamp":"2025-09-23T08:06:45.605Z","level":"INFO","message":"⚠️ 활성 전략이 없어 자동매매를 시작하지 않음"}
2025-09-23 17:06:45 +09:00: {"timestamp":"2025-09-23T08:06:45.605Z","level":"INFO","message":"✅ 자동매매 시작 완료"}
2025-09-23 17:06:45 +09:00: {"timestamp":"2025-09-23T08:06:45.605Z","level":"INFO","message":"🔧 세션 설정 중..."}
2025-09-23 17:06:45 +09:00: {"timestamp":"2025-09-23T08:06:45.616Z","level":"INFO","message":"Redis 클라이언트 연결 성공"}
2025-09-23 17:06:45 +09:00: {"timestamp":"2025-09-23T08:06:45.616Z","level":"INFO","message":"세션 저장소: Redis 사용"}
2025-09-23 17:06:45 +09:00: {"timestamp":"2025-09-23T08:06:45.616Z","level":"INFO","message":"✅ 세션 설정 완료"}
2025-09-23 17:06:45 +09:00: {"timestamp":"2025-09-23T08:06:45.616Z","level":"INFO","message":"🛣️ 라우트 등록 중..."}
2025-09-23 17:06:45 +09:00: 🔍 [2025-09-23T08:06:45.616Z] 라우트 등록 시작 - registerRoutes 함수 호출
2025-09-23 17:06:45 +09:00: {"timestamp":"2025-09-23T08:06:45.620Z","level":"INFO","message":"🌐 서버 환경 감지: 포트 5000으로 고정"}
2025-09-23 17:06:45 +09:00: 🔧 [storage.ts] DATABASE_URL: postgresql://ahndj@localhost:5432/trading_db
2025-09-23 17:06:45 +09:00: 🔧 [BaseRepository.ts] DATABASE_URL: postgresql://ahndj@localhost:5432/trading_db
2025-09-23 17:06:45 +09:00: ℹ️ [ProxyManager] 프록시 설정 없음 - 직접 연결 사용
2025-09-23 17:06:45 +09:00: 🔧 [db.ts] DATABASE_URL: postgresql://ahndj@localhost:5432/trading_db
2025-09-23 17:06:45 +09:00: 🚀 [2025-09-23T08:06:45.803Z] 서버 시작 중...
2025-09-23 17:06:45 +09:00: 🌍 [2025-09-23T08:06:45.803Z] NODE_ENV: production
2025-09-23 17:06:45 +09:00: {"timestamp":"2025-09-23T08:06:45.803Z","level":"SYSTEM","message":"서버 시작","port":"5001","nodeEnv":"production","workingDir":"/Users/ahndj/Desktop/project/trading/automatic-trading1"}
2025-09-23 17:06:45 +09:00: {"timestamp":"2025-09-23T08:06:45.803Z","level":"SYSTEM","message":"데이터베이스 연결","database":"localhost:5432/trading_db"}
2025-09-23 17:06:45 +09:00: 🎯 [2025-09-23T08:06:45.803Z] 거래 모드: LIVE (실거래)
2025-09-23 17:06:45 +09:00: 🔧 [2025-09-23T08:06:45.803Z] Live 거래 활성화: true
2025-09-23 17:06:45 +09:00: 🌍 [2025-09-23T08:06:45.803Z] 환경: production
2025-09-23 17:06:45 +09:00: 🚨 [2025-09-23T08:06:45.803Z] Live 거래 모드 - 실제 자금으로 거래가 실행됩니다! 🚨
2025-09-23 17:06:45 +09:00: 🔧 [2025-09-23T08:06:45.804Z] HTTP 서버 생성 중...
2025-09-23 17:06:45 +09:00: {"timestamp":"2025-09-23T08:06:45.804Z","level":"INFO","message":"🔧 데이터베이스 시간대 설정 중..."}
2025-09-23 17:06:45 +09:00: ✅ 데이터베이스 시간대가 Asia/Seoul로 설정되었습니다.
2025-09-23 17:06:45 +09:00: {"timestamp":"2025-09-23T08:06:45.810Z","level":"INFO","message":"✅ 데이터베이스 시간대 설정 완료"}
2025-09-23 17:06:45 +09:00: {"timestamp":"2025-09-23T08:06:45.810Z","level":"INFO","message":"🔧 자동매매 시작 중..."}
2025-09-23 17:06:45 +09:00: {"timestamp":"2025-09-23T08:06:45.813Z","level":"INFO","message":"활성 사용자 발견","userId":"5","exchange":"binance"}
2025-09-23 17:06:45 +09:00: {"timestamp":"2025-09-23T08:06:45.813Z","level":"INFO","message":"🚀 사용자 5의 자동매매 시작"}
2025-09-23 17:06:45 +09:00: {"timestamp":"2025-09-23T08:06:45.815Z","level":"INFO","message":"⚠️ 활성 전략이 없어 자동매매를 시작하지 않음"}
2025-09-23 17:06:45 +09:00: {"timestamp":"2025-09-23T08:06:45.815Z","level":"INFO","message":"✅ 자동매매 시작 완료"}
2025-09-23 17:06:45 +09:00: {"timestamp":"2025-09-23T08:06:45.815Z","level":"INFO","message":"🔧 세션 설정 중..."}
2025-09-23 17:06:45 +09:00: {"timestamp":"2025-09-23T08:06:45.825Z","level":"INFO","message":"Redis 클라이언트 연결 성공"}
2025-09-23 17:06:45 +09:00: {"timestamp":"2025-09-23T08:06:45.825Z","level":"INFO","message":"세션 저장소: Redis 사용"}
2025-09-23 17:06:45 +09:00: {"timestamp":"2025-09-23T08:06:45.825Z","level":"INFO","message":"✅ 세션 설정 완료"}
2025-09-23 17:06:45 +09:00: {"timestamp":"2025-09-23T08:06:45.825Z","level":"INFO","message":"🛣️ 라우트 등록 중..."}
2025-09-23 17:06:45 +09:00: 🔍 [2025-09-23T08:06:45.825Z] 라우트 등록 시작 - registerRoutes 함수 호출
2025-09-23 17:06:45 +09:00: {"timestamp":"2025-09-23T08:06:45.830Z","level":"INFO","message":"🌐 서버 환경 감지: 포트 5000으로 고정"}
2025-09-23 17:06:46 +09:00: 🔧 [storage.ts] DATABASE_URL: postgresql://ahndj@localhost:5432/trading_db
2025-09-23 17:06:46 +09:00: 🔧 [BaseRepository.ts] DATABASE_URL: postgresql://ahndj@localhost:5432/trading_db
2025-09-23 17:06:46 +09:00: ℹ️ [ProxyManager] 프록시 설정 없음 - 직접 연결 사용
2025-09-23 17:06:46 +09:00: 🔧 [db.ts] DATABASE_URL: postgresql://ahndj@localhost:5432/trading_db
2025-09-23 17:06:46 +09:00: 🚀 [2025-09-23T08:06:46.014Z] 서버 시작 중...
2025-09-23 17:06:46 +09:00: 🌍 [2025-09-23T08:06:46.015Z] NODE_ENV: production
2025-09-23 17:06:46 +09:00: {"timestamp":"2025-09-23T08:06:46.015Z","level":"SYSTEM","message":"서버 시작","port":"5001","nodeEnv":"production","workingDir":"/Users/ahndj/Desktop/project/trading/automatic-trading1"}
2025-09-23 17:06:46 +09:00: {"timestamp":"2025-09-23T08:06:46.015Z","level":"SYSTEM","message":"데이터베이스 연결","database":"localhost:5432/trading_db"}
2025-09-23 17:06:46 +09:00: 🎯 [2025-09-23T08:06:46.015Z] 거래 모드: LIVE (실거래)
2025-09-23 17:06:46 +09:00: 🔧 [2025-09-23T08:06:46.015Z] Live 거래 활성화: true
2025-09-23 17:06:46 +09:00: 🌍 [2025-09-23T08:06:46.015Z] 환경: production
2025-09-23 17:06:46 +09:00: 🚨 [2025-09-23T08:06:46.015Z] Live 거래 모드 - 실제 자금으로 거래가 실행됩니다! 🚨
2025-09-23 17:06:46 +09:00: 🔧 [2025-09-23T08:06:46.016Z] HTTP 서버 생성 중...
2025-09-23 17:06:46 +09:00: {"timestamp":"2025-09-23T08:06:46.016Z","level":"INFO","message":"🔧 데이터베이스 시간대 설정 중..."}
2025-09-23 17:06:46 +09:00: ✅ 데이터베이스 시간대가 Asia/Seoul로 설정되었습니다.
2025-09-23 17:06:46 +09:00: {"timestamp":"2025-09-23T08:06:46.021Z","level":"INFO","message":"✅ 데이터베이스 시간대 설정 완료"}
2025-09-23 17:06:46 +09:00: {"timestamp":"2025-09-23T08:06:46.021Z","level":"INFO","message":"🔧 자동매매 시작 중..."}
2025-09-23 17:06:46 +09:00: {"timestamp":"2025-09-23T08:06:46.024Z","level":"INFO","message":"활성 사용자 발견","userId":"5","exchange":"binance"}
2025-09-23 17:06:46 +09:00: {"timestamp":"2025-09-23T08:06:46.024Z","level":"INFO","message":"🚀 사용자 5의 자동매매 시작"}
2025-09-23 17:06:46 +09:00: {"timestamp":"2025-09-23T08:06:46.025Z","level":"INFO","message":"⚠️ 활성 전략이 없어 자동매매를 시작하지 않음"}
2025-09-23 17:06:46 +09:00: {"timestamp":"2025-09-23T08:06:46.025Z","level":"INFO","message":"✅ 자동매매 시작 완료"}
2025-09-23 17:06:46 +09:00: {"timestamp":"2025-09-23T08:06:46.025Z","level":"INFO","message":"🔧 세션 설정 중..."}
2025-09-23 17:06:46 +09:00: {"timestamp":"2025-09-23T08:06:46.035Z","level":"INFO","message":"Redis 클라이언트 연결 성공"}
2025-09-23 17:06:46 +09:00: {"timestamp":"2025-09-23T08:06:46.035Z","level":"INFO","message":"세션 저장소: Redis 사용"}
2025-09-23 17:06:46 +09:00: {"timestamp":"2025-09-23T08:06:46.035Z","level":"INFO","message":"✅ 세션 설정 완료"}
2025-09-23 17:06:46 +09:00: {"timestamp":"2025-09-23T08:06:46.035Z","level":"INFO","message":"🛣️ 라우트 등록 중..."}
2025-09-23 17:06:46 +09:00: 🔍 [2025-09-23T08:06:46.035Z] 라우트 등록 시작 - registerRoutes 함수 호출
2025-09-23 17:06:46 +09:00: {"timestamp":"2025-09-23T08:06:46.040Z","level":"INFO","message":"🌐 서버 환경 감지: 포트 5000으로 고정"}
2025-09-23 17:06:46 +09:00: 🔧 [storage.ts] DATABASE_URL: postgresql://ahndj@localhost:5432/trading_db
2025-09-23 17:06:46 +09:00: 🔧 [BaseRepository.ts] DATABASE_URL: postgresql://ahndj@localhost:5432/trading_db
2025-09-23 17:06:46 +09:00: ℹ️ [ProxyManager] 프록시 설정 없음 - 직접 연결 사용
2025-09-23 17:06:46 +09:00: 🔧 [db.ts] DATABASE_URL: postgresql://ahndj@localhost:5432/trading_db
2025-09-23 17:06:46 +09:00: 🚀 [2025-09-23T08:06:46.228Z] 서버 시작 중...
2025-09-23 17:06:46 +09:00: 🌍 [2025-09-23T08:06:46.228Z] NODE_ENV: production
2025-09-23 17:06:46 +09:00: {"timestamp":"2025-09-23T08:06:46.228Z","level":"SYSTEM","message":"서버 시작","port":"5001","nodeEnv":"production","workingDir":"/Users/ahndj/Desktop/project/trading/automatic-trading1"}
2025-09-23 17:06:46 +09:00: {"timestamp":"2025-09-23T08:06:46.228Z","level":"SYSTEM","message":"데이터베이스 연결","database":"localhost:5432/trading_db"}
2025-09-23 17:06:46 +09:00: 🎯 [2025-09-23T08:06:46.228Z] 거래 모드: LIVE (실거래)
2025-09-23 17:06:46 +09:00: 🔧 [2025-09-23T08:06:46.228Z] Live 거래 활성화: true
2025-09-23 17:06:46 +09:00: 🌍 [2025-09-23T08:06:46.228Z] 환경: production
2025-09-23 17:06:46 +09:00: 🚨 [2025-09-23T08:06:46.228Z] Live 거래 모드 - 실제 자금으로 거래가 실행됩니다! 🚨
2025-09-23 17:06:46 +09:00: 🔧 [2025-09-23T08:06:46.229Z] HTTP 서버 생성 중...
2025-09-23 17:06:46 +09:00: {"timestamp":"2025-09-23T08:06:46.229Z","level":"INFO","message":"🔧 데이터베이스 시간대 설정 중..."}
2025-09-23 17:06:46 +09:00: ✅ 데이터베이스 시간대가 Asia/Seoul로 설정되었습니다.
2025-09-23 17:06:46 +09:00: {"timestamp":"2025-09-23T08:06:46.235Z","level":"INFO","message":"✅ 데이터베이스 시간대 설정 완료"}
2025-09-23 17:06:46 +09:00: {"timestamp":"2025-09-23T08:06:46.235Z","level":"INFO","message":"🔧 자동매매 시작 중..."}
2025-09-23 17:06:46 +09:00: {"timestamp":"2025-09-23T08:06:46.239Z","level":"INFO","message":"활성 사용자 발견","userId":"5","exchange":"binance"}
2025-09-23 17:06:46 +09:00: {"timestamp":"2025-09-23T08:06:46.240Z","level":"INFO","message":"🚀 사용자 5의 자동매매 시작"}
2025-09-23 17:06:46 +09:00: {"timestamp":"2025-09-23T08:06:46.240Z","level":"INFO","message":"⚠️ 활성 전략이 없어 자동매매를 시작하지 않음"}
2025-09-23 17:06:46 +09:00: {"timestamp":"2025-09-23T08:06:46.240Z","level":"INFO","message":"✅ 자동매매 시작 완료"}
2025-09-23 17:06:46 +09:00: {"timestamp":"2025-09-23T08:06:46.240Z","level":"INFO","message":"🔧 세션 설정 중..."}
2025-09-23 17:06:46 +09:00: {"timestamp":"2025-09-23T08:06:46.249Z","level":"INFO","message":"Redis 클라이언트 연결 성공"}
2025-09-23 17:06:46 +09:00: {"timestamp":"2025-09-23T08:06:46.249Z","level":"INFO","message":"세션 저장소: Redis 사용"}
2025-09-23 17:06:46 +09:00: {"timestamp":"2025-09-23T08:06:46.249Z","level":"INFO","message":"✅ 세션 설정 완료"}
2025-09-23 17:06:46 +09:00: {"timestamp":"2025-09-23T08:06:46.249Z","level":"INFO","message":"🛣️ 라우트 등록 중..."}
2025-09-23 17:06:46 +09:00: 🔍 [2025-09-23T08:06:46.249Z] 라우트 등록 시작 - registerRoutes 함수 호출
2025-09-23 17:06:46 +09:00: {"timestamp":"2025-09-23T08:06:46.253Z","level":"INFO","message":"🌐 서버 환경 감지: 포트 5000으로 고정"}
2025-09-23 17:06:46 +09:00: 🔧 [storage.ts] DATABASE_URL: postgresql://ahndj@localhost:5432/trading_db
2025-09-23 17:06:46 +09:00: 🔧 [BaseRepository.ts] DATABASE_URL: postgresql://ahndj@localhost:5432/trading_db
2025-09-23 17:06:46 +09:00: ℹ️ [ProxyManager] 프록시 설정 없음 - 직접 연결 사용
2025-09-23 17:06:46 +09:00: 🔧 [db.ts] DATABASE_URL: postgresql://ahndj@localhost:5432/trading_db
2025-09-23 17:06:46 +09:00: 🚀 [2025-09-23T08:06:46.441Z] 서버 시작 중...
2025-09-23 17:06:46 +09:00: 🌍 [2025-09-23T08:06:46.441Z] NODE_ENV: production
2025-09-23 17:06:46 +09:00: {"timestamp":"2025-09-23T08:06:46.441Z","level":"SYSTEM","message":"서버 시작","port":"5001","nodeEnv":"production","workingDir":"/Users/ahndj/Desktop/project/trading/automatic-trading1"}
2025-09-23 17:06:46 +09:00: {"timestamp":"2025-09-23T08:06:46.441Z","level":"SYSTEM","message":"데이터베이스 연결","database":"localhost:5432/trading_db"}
2025-09-23 17:06:46 +09:00: 🎯 [2025-09-23T08:06:46.441Z] 거래 모드: LIVE (실거래)
2025-09-23 17:06:46 +09:00: 🔧 [2025-09-23T08:06:46.441Z] Live 거래 활성화: true
2025-09-23 17:06:46 +09:00: 🌍 [2025-09-23T08:06:46.441Z] 환경: production
2025-09-23 17:06:46 +09:00: 🚨 [2025-09-23T08:06:46.441Z] Live 거래 모드 - 실제 자금으로 거래가 실행됩니다! 🚨
2025-09-23 17:06:46 +09:00: 🔧 [2025-09-23T08:06:46.442Z] HTTP 서버 생성 중...
2025-09-23 17:06:46 +09:00: {"timestamp":"2025-09-23T08:06:46.442Z","level":"INFO","message":"🔧 데이터베이스 시간대 설정 중..."}
2025-09-23 17:06:46 +09:00: ✅ 데이터베이스 시간대가 Asia/Seoul로 설정되었습니다.
2025-09-23 17:06:46 +09:00: {"timestamp":"2025-09-23T08:06:46.448Z","level":"INFO","message":"✅ 데이터베이스 시간대 설정 완료"}
2025-09-23 17:06:46 +09:00: {"timestamp":"2025-09-23T08:06:46.448Z","level":"INFO","message":"🔧 자동매매 시작 중..."}
2025-09-23 17:06:46 +09:00: {"timestamp":"2025-09-23T08:06:46.451Z","level":"INFO","message":"활성 사용자 발견","userId":"5","exchange":"binance"}
2025-09-23 17:06:46 +09:00: {"timestamp":"2025-09-23T08:06:46.451Z","level":"INFO","message":"🚀 사용자 5의 자동매매 시작"}
2025-09-23 17:06:46 +09:00: {"timestamp":"2025-09-23T08:06:46.452Z","level":"INFO","message":"⚠️ 활성 전략이 없어 자동매매를 시작하지 않음"}
2025-09-23 17:06:46 +09:00: {"timestamp":"2025-09-23T08:06:46.452Z","level":"INFO","message":"✅ 자동매매 시작 완료"}
2025-09-23 17:06:46 +09:00: {"timestamp":"2025-09-23T08:06:46.452Z","level":"INFO","message":"🔧 세션 설정 중..."}
2025-09-23 17:06:46 +09:00: {"timestamp":"2025-09-23T08:06:46.464Z","level":"INFO","message":"Redis 클라이언트 연결 성공"}
2025-09-23 17:06:46 +09:00: {"timestamp":"2025-09-23T08:06:46.464Z","level":"INFO","message":"세션 저장소: Redis 사용"}
2025-09-23 17:06:46 +09:00: {"timestamp":"2025-09-23T08:06:46.464Z","level":"INFO","message":"✅ 세션 설정 완료"}
2025-09-23 17:06:46 +09:00: {"timestamp":"2025-09-23T08:06:46.464Z","level":"INFO","message":"🛣️ 라우트 등록 중..."}
2025-09-23 17:06:46 +09:00: 🔍 [2025-09-23T08:06:46.464Z] 라우트 등록 시작 - registerRoutes 함수 호출
2025-09-23 17:06:46 +09:00: {"timestamp":"2025-09-23T08:06:46.468Z","level":"INFO","message":"🌐 서버 환경 감지: 포트 5000으로 고정"}
2025-09-23 17:06:46 +09:00: 🔧 [storage.ts] DATABASE_URL: postgresql://ahndj@localhost:5432/trading_db
2025-09-23 17:06:46 +09:00: 🔧 [BaseRepository.ts] DATABASE_URL: postgresql://ahndj@localhost:5432/trading_db
2025-09-23 17:06:46 +09:00: ℹ️ [ProxyManager] 프록시 설정 없음 - 직접 연결 사용
2025-09-23 17:06:46 +09:00: 🔧 [db.ts] DATABASE_URL: postgresql://ahndj@localhost:5432/trading_db
2025-09-23 17:06:46 +09:00: 🚀 [2025-09-23T08:06:46.659Z] 서버 시작 중...
2025-09-23 17:06:46 +09:00: 🌍 [2025-09-23T08:06:46.659Z] NODE_ENV: production
2025-09-23 17:06:46 +09:00: {"timestamp":"2025-09-23T08:06:46.659Z","level":"SYSTEM","message":"서버 시작","port":"5001","nodeEnv":"production","workingDir":"/Users/ahndj/Desktop/project/trading/automatic-trading1"}
2025-09-23 17:06:46 +09:00: {"timestamp":"2025-09-23T08:06:46.659Z","level":"SYSTEM","message":"데이터베이스 연결","database":"localhost:5432/trading_db"}
2025-09-23 17:06:46 +09:00: 🎯 [2025-09-23T08:06:46.659Z] 거래 모드: LIVE (실거래)
2025-09-23 17:06:46 +09:00: 🔧 [2025-09-23T08:06:46.659Z] Live 거래 활성화: true
2025-09-23 17:06:46 +09:00: 🌍 [2025-09-23T08:06:46.659Z] 환경: production
2025-09-23 17:06:46 +09:00: 🚨 [2025-09-23T08:06:46.659Z] Live 거래 모드 - 실제 자금으로 거래가 실행됩니다! 🚨
2025-09-23 17:06:46 +09:00: 🔧 [2025-09-23T08:06:46.660Z] HTTP 서버 생성 중...
2025-09-23 17:06:46 +09:00: {"timestamp":"2025-09-23T08:06:46.660Z","level":"INFO","message":"🔧 데이터베이스 시간대 설정 중..."}
2025-09-23 17:06:46 +09:00: ✅ 데이터베이스 시간대가 Asia/Seoul로 설정되었습니다.
2025-09-23 17:06:46 +09:00: {"timestamp":"2025-09-23T08:06:46.666Z","level":"INFO","message":"✅ 데이터베이스 시간대 설정 완료"}
2025-09-23 17:06:46 +09:00: {"timestamp":"2025-09-23T08:06:46.666Z","level":"INFO","message":"🔧 자동매매 시작 중..."}
2025-09-23 17:06:46 +09:00: {"timestamp":"2025-09-23T08:06:46.669Z","level":"INFO","message":"활성 사용자 발견","userId":"5","exchange":"binance"}
2025-09-23 17:06:46 +09:00: {"timestamp":"2025-09-23T08:06:46.669Z","level":"INFO","message":"🚀 사용자 5의 자동매매 시작"}
2025-09-23 17:06:46 +09:00: {"timestamp":"2025-09-23T08:06:46.670Z","level":"INFO","message":"⚠️ 활성 전략이 없어 자동매매를 시작하지 않음"}
2025-09-23 17:06:46 +09:00: {"timestamp":"2025-09-23T08:06:46.670Z","level":"INFO","message":"✅ 자동매매 시작 완료"}
2025-09-23 17:06:46 +09:00: {"timestamp":"2025-09-23T08:06:46.670Z","level":"INFO","message":"🔧 세션 설정 중..."}
2025-09-23 17:06:46 +09:00: {"timestamp":"2025-09-23T08:06:46.681Z","level":"INFO","message":"Redis 클라이언트 연결 성공"}
2025-09-23 17:06:46 +09:00: {"timestamp":"2025-09-23T08:06:46.681Z","level":"INFO","message":"세션 저장소: Redis 사용"}
2025-09-23 17:06:46 +09:00: {"timestamp":"2025-09-23T08:06:46.681Z","level":"INFO","message":"✅ 세션 설정 완료"}
2025-09-23 17:06:46 +09:00: {"timestamp":"2025-09-23T08:06:46.681Z","level":"INFO","message":"🛣️ 라우트 등록 중..."}
2025-09-23 17:06:46 +09:00: 🔍 [2025-09-23T08:06:46.681Z] 라우트 등록 시작 - registerRoutes 함수 호출
2025-09-23 17:06:46 +09:00: {"timestamp":"2025-09-23T08:06:46.685Z","level":"INFO","message":"🌐 서버 환경 감지: 포트 5000으로 고정"}
2025-09-23 17:06:46 +09:00: 🔧 [storage.ts] DATABASE_URL: postgresql://ahndj@localhost:5432/trading_db
2025-09-23 17:06:46 +09:00: 🔧 [BaseRepository.ts] DATABASE_URL: postgresql://ahndj@localhost:5432/trading_db
2025-09-23 17:06:46 +09:00: ℹ️ [ProxyManager] 프록시 설정 없음 - 직접 연결 사용
2025-09-23 17:06:46 +09:00: 🔧 [db.ts] DATABASE_URL: postgresql://ahndj@localhost:5432/trading_db
2025-09-23 17:06:46 +09:00: 🚀 [2025-09-23T08:06:46.869Z] 서버 시작 중...
2025-09-23 17:06:46 +09:00: 🌍 [2025-09-23T08:06:46.869Z] NODE_ENV: production
2025-09-23 17:06:46 +09:00: {"timestamp":"2025-09-23T08:06:46.869Z","level":"SYSTEM","message":"서버 시작","port":"5001","nodeEnv":"production","workingDir":"/Users/ahndj/Desktop/project/trading/automatic-trading1"}
2025-09-23 17:06:46 +09:00: {"timestamp":"2025-09-23T08:06:46.869Z","level":"SYSTEM","message":"데이터베이스 연결","database":"localhost:5432/trading_db"}
2025-09-23 17:06:46 +09:00: 🎯 [2025-09-23T08:06:46.869Z] 거래 모드: LIVE (실거래)
2025-09-23 17:06:46 +09:00: 🔧 [2025-09-23T08:06:46.869Z] Live 거래 활성화: true
2025-09-23 17:06:46 +09:00: 🌍 [2025-09-23T08:06:46.869Z] 환경: production
2025-09-23 17:06:46 +09:00: 🚨 [2025-09-23T08:06:46.869Z] Live 거래 모드 - 실제 자금으로 거래가 실행됩니다! 🚨
2025-09-23 17:06:46 +09:00: 🔧 [2025-09-23T08:06:46.871Z] HTTP 서버 생성 중...
2025-09-23 17:06:46 +09:00: {"timestamp":"2025-09-23T08:06:46.871Z","level":"INFO","message":"🔧 데이터베이스 시간대 설정 중..."}
2025-09-23 17:06:46 +09:00: ✅ 데이터베이스 시간대가 Asia/Seoul로 설정되었습니다.
2025-09-23 17:06:46 +09:00: {"timestamp":"2025-09-23T08:06:46.877Z","level":"INFO","message":"✅ 데이터베이스 시간대 설정 완료"}
2025-09-23 17:06:46 +09:00: {"timestamp":"2025-09-23T08:06:46.877Z","level":"INFO","message":"🔧 자동매매 시작 중..."}
2025-09-23 17:06:46 +09:00: {"timestamp":"2025-09-23T08:06:46.880Z","level":"INFO","message":"활성 사용자 발견","userId":"5","exchange":"binance"}
2025-09-23 17:06:46 +09:00: {"timestamp":"2025-09-23T08:06:46.880Z","level":"INFO","message":"🚀 사용자 5의 자동매매 시작"}
2025-09-23 17:06:46 +09:00: {"timestamp":"2025-09-23T08:06:46.881Z","level":"INFO","message":"⚠️ 활성 전략이 없어 자동매매를 시작하지 않음"}
2025-09-23 17:06:46 +09:00: {"timestamp":"2025-09-23T08:06:46.881Z","level":"INFO","message":"✅ 자동매매 시작 완료"}
2025-09-23 17:06:46 +09:00: {"timestamp":"2025-09-23T08:06:46.881Z","level":"INFO","message":"🔧 세션 설정 중..."}
2025-09-23 17:06:46 +09:00: {"timestamp":"2025-09-23T08:06:46.890Z","level":"INFO","message":"Redis 클라이언트 연결 성공"}
2025-09-23 17:06:46 +09:00: {"timestamp":"2025-09-23T08:06:46.890Z","level":"INFO","message":"세션 저장소: Redis 사용"}
2025-09-23 17:06:46 +09:00: {"timestamp":"2025-09-23T08:06:46.890Z","level":"INFO","message":"✅ 세션 설정 완료"}
2025-09-23 17:06:46 +09:00: {"timestamp":"2025-09-23T08:06:46.890Z","level":"INFO","message":"🛣️ 라우트 등록 중..."}
2025-09-23 17:06:46 +09:00: 🔍 [2025-09-23T08:06:46.890Z] 라우트 등록 시작 - registerRoutes 함수 호출
2025-09-23 17:06:46 +09:00: {"timestamp":"2025-09-23T08:06:46.894Z","level":"INFO","message":"🌐 서버 환경 감지: 포트 5000으로 고정"}
2025-09-23 17:06:47 +09:00: 🔧 [storage.ts] DATABASE_URL: postgresql://ahndj@localhost:5432/trading_db
2025-09-23 17:06:47 +09:00: 🔧 [BaseRepository.ts] DATABASE_URL: postgresql://ahndj@localhost:5432/trading_db
2025-09-23 17:06:47 +09:00: ℹ️ [ProxyManager] 프록시 설정 없음 - 직접 연결 사용
2025-09-23 17:06:47 +09:00: 🔧 [db.ts] DATABASE_URL: postgresql://ahndj@localhost:5432/trading_db
2025-09-23 17:06:47 +09:00: 🚀 [2025-09-23T08:06:47.075Z] 서버 시작 중...
2025-09-23 17:06:47 +09:00: 🌍 [2025-09-23T08:06:47.076Z] NODE_ENV: production
2025-09-23 17:06:47 +09:00: {"timestamp":"2025-09-23T08:06:47.076Z","level":"SYSTEM","message":"서버 시작","port":"5001","nodeEnv":"production","workingDir":"/Users/ahndj/Desktop/project/trading/automatic-trading1"}
2025-09-23 17:06:47 +09:00: {"timestamp":"2025-09-23T08:06:47.076Z","level":"SYSTEM","message":"데이터베이스 연결","database":"localhost:5432/trading_db"}
2025-09-23 17:06:47 +09:00: 🎯 [2025-09-23T08:06:47.076Z] 거래 모드: LIVE (실거래)
2025-09-23 17:06:47 +09:00: 🔧 [2025-09-23T08:06:47.076Z] Live 거래 활성화: true
2025-09-23 17:06:47 +09:00: 🌍 [2025-09-23T08:06:47.076Z] 환경: production
2025-09-23 17:06:47 +09:00: 🚨 [2025-09-23T08:06:47.076Z] Live 거래 모드 - 실제 자금으로 거래가 실행됩니다! 🚨
2025-09-23 17:06:47 +09:00: 🔧 [2025-09-23T08:06:47.077Z] HTTP 서버 생성 중...
2025-09-23 17:06:47 +09:00: {"timestamp":"2025-09-23T08:06:47.077Z","level":"INFO","message":"🔧 데이터베이스 시간대 설정 중..."}
2025-09-23 17:06:47 +09:00: ✅ 데이터베이스 시간대가 Asia/Seoul로 설정되었습니다.
2025-09-23 17:06:47 +09:00: {"timestamp":"2025-09-23T08:06:47.083Z","level":"INFO","message":"✅ 데이터베이스 시간대 설정 완료"}
2025-09-23 17:06:47 +09:00: {"timestamp":"2025-09-23T08:06:47.083Z","level":"INFO","message":"🔧 자동매매 시작 중..."}
2025-09-23 17:06:47 +09:00: {"timestamp":"2025-09-23T08:06:47.086Z","level":"INFO","message":"활성 사용자 발견","userId":"5","exchange":"binance"}
2025-09-23 17:06:47 +09:00: {"timestamp":"2025-09-23T08:06:47.086Z","level":"INFO","message":"🚀 사용자 5의 자동매매 시작"}
2025-09-23 17:06:47 +09:00: {"timestamp":"2025-09-23T08:06:47.087Z","level":"INFO","message":"⚠️ 활성 전략이 없어 자동매매를 시작하지 않음"}
2025-09-23 17:06:47 +09:00: {"timestamp":"2025-09-23T08:06:47.087Z","level":"INFO","message":"✅ 자동매매 시작 완료"}
2025-09-23 17:06:47 +09:00: {"timestamp":"2025-09-23T08:06:47.087Z","level":"INFO","message":"🔧 세션 설정 중..."}
2025-09-23 17:06:47 +09:00: {"timestamp":"2025-09-23T08:06:47.096Z","level":"INFO","message":"Redis 클라이언트 연결 성공"}
2025-09-23 17:06:47 +09:00: {"timestamp":"2025-09-23T08:06:47.096Z","level":"INFO","message":"세션 저장소: Redis 사용"}
2025-09-23 17:06:47 +09:00: {"timestamp":"2025-09-23T08:06:47.096Z","level":"INFO","message":"✅ 세션 설정 완료"}
2025-09-23 17:06:47 +09:00: {"timestamp":"2025-09-23T08:06:47.096Z","level":"INFO","message":"🛣️ 라우트 등록 중..."}
2025-09-23 17:06:47 +09:00: 🔍 [2025-09-23T08:06:47.096Z] 라우트 등록 시작 - registerRoutes 함수 호출
2025-09-23 17:06:47 +09:00: {"timestamp":"2025-09-23T08:06:47.100Z","level":"INFO","message":"🌐 서버 환경 감지: 포트 5000으로 고정"}
2025-09-23 21:12:39 +09:00: 🔧 [storage.ts] DATABASE_URL: postgresql://ahndj@localhost:5432/trading_db
2025-09-23 21:12:39 +09:00: 🔧 [BaseRepository.ts] DATABASE_URL: postgresql://ahndj@localhost:5432/trading_db
2025-09-23 21:12:39 +09:00: ℹ️ [ProxyManager] 프록시 설정 없음 - 직접 연결 사용
2025-09-23 21:12:39 +09:00: 🚀 [2025-09-23T12:12:39.315Z] 서버 시작 중...
2025-09-23 21:12:39 +09:00: 🌍 [2025-09-23T12:12:39.315Z] NODE_ENV: production
2025-09-23 21:12:39 +09:00: {"timestamp":"2025-09-23T12:12:39.315Z","level":"SYSTEM","message":"서버 시작","port":"5001","nodeEnv":"production","workingDir":"/Users/ahndj/Desktop/project/trading/automatic-trading1"}
2025-09-23 21:12:39 +09:00: {"timestamp":"2025-09-23T12:12:39.315Z","level":"SYSTEM","message":"데이터베이스 연결","database":"localhost:5432/trading_db"}
2025-09-23 21:12:39 +09:00: 🎯 [2025-09-23T12:12:39.315Z] 거래 모드: LIVE (실거래)
2025-09-23 21:12:39 +09:00: 🔧 [2025-09-23T12:12:39.315Z] Live 거래 활성화: true
2025-09-23 21:12:39 +09:00: 🌍 [2025-09-23T12:12:39.315Z] 환경: production
2025-09-23 21:12:39 +09:00: 🚨 [2025-09-23T12:12:39.315Z] Live 거래 모드 - 실제 자금으로 거래가 실행됩니다! 🚨
2025-09-23 21:12:39 +09:00: 🔧 [2025-09-23T12:12:39.316Z] HTTP 서버 생성 중...
2025-09-23 21:12:39 +09:00: {"timestamp":"2025-09-23T12:12:39.316Z","level":"INFO","message":"🔧 세션 설정 중..."}
2025-09-23 21:12:39 +09:00: {"timestamp":"2025-09-23T12:12:39.330Z","level":"INFO","message":"Redis 클라이언트 연결 성공"}
2025-09-23 21:12:39 +09:00: {"timestamp":"2025-09-23T12:12:39.330Z","level":"INFO","message":"세션 저장소: Redis 사용"}
2025-09-23 21:12:39 +09:00: {"timestamp":"2025-09-23T12:12:39.330Z","level":"INFO","message":"✅ 세션 설정 완료"}
2025-09-23 21:12:39 +09:00: {"timestamp":"2025-09-23T12:12:39.330Z","level":"INFO","message":"🛣️ 라우트 등록 중..."}
2025-09-23 21:12:39 +09:00: 🔍 [2025-09-23T12:12:39.330Z] 라우트 등록 시작 - registerRoutes 함수 호출
2025-09-23 21:12:39 +09:00: {"timestamp":"2025-09-23T12:12:39.333Z","level":"INFO","message":"🌐 서버 환경 감지: 포트 5000으로 고정"}
2025-09-23 21:12:39 +09:00: 🔧 [storage.ts] DATABASE_URL: postgresql://ahndj@localhost:5432/trading_db
2025-09-23 21:12:39 +09:00: 🔧 [BaseRepository.ts] DATABASE_URL: postgresql://ahndj@localhost:5432/trading_db
2025-09-23 21:12:39 +09:00: ℹ️ [ProxyManager] 프록시 설정 없음 - 직접 연결 사용
2025-09-23 21:12:39 +09:00: 🚀 [2025-09-23T12:12:39.533Z] 서버 시작 중...
2025-09-23 21:12:39 +09:00: 🌍 [2025-09-23T12:12:39.533Z] NODE_ENV: production
2025-09-23 21:12:39 +09:00: {"timestamp":"2025-09-23T12:12:39.533Z","level":"SYSTEM","message":"서버 시작","port":"5001","nodeEnv":"production","workingDir":"/Users/ahndj/Desktop/project/trading/automatic-trading1"}
2025-09-23 21:12:39 +09:00: {"timestamp":"2025-09-23T12:12:39.533Z","level":"SYSTEM","message":"데이터베이스 연결","database":"localhost:5432/trading_db"}
2025-09-23 21:12:39 +09:00: 🎯 [2025-09-23T12:12:39.533Z] 거래 모드: LIVE (실거래)
2025-09-23 21:12:39 +09:00: 🔧 [2025-09-23T12:12:39.533Z] Live 거래 활성화: true
2025-09-23 21:12:39 +09:00: 🌍 [2025-09-23T12:12:39.533Z] 환경: production
2025-09-23 21:12:39 +09:00: 🚨 [2025-09-23T12:12:39.533Z] Live 거래 모드 - 실제 자금으로 거래가 실행됩니다! 🚨
2025-09-23 21:12:39 +09:00: 🔧 [2025-09-23T12:12:39.534Z] HTTP 서버 생성 중...
2025-09-23 21:12:39 +09:00: {"timestamp":"2025-09-23T12:12:39.534Z","level":"INFO","message":"🔧 세션 설정 중..."}
2025-09-23 21:12:39 +09:00: {"timestamp":"2025-09-23T12:12:39.546Z","level":"INFO","message":"Redis 클라이언트 연결 성공"}
2025-09-23 21:12:39 +09:00: {"timestamp":"2025-09-23T12:12:39.547Z","level":"INFO","message":"세션 저장소: Redis 사용"}
2025-09-23 21:12:39 +09:00: {"timestamp":"2025-09-23T12:12:39.547Z","level":"INFO","message":"✅ 세션 설정 완료"}
2025-09-23 21:12:39 +09:00: {"timestamp":"2025-09-23T12:12:39.547Z","level":"INFO","message":"🛣️ 라우트 등록 중..."}
2025-09-23 21:12:39 +09:00: 🔍 [2025-09-23T12:12:39.547Z] 라우트 등록 시작 - registerRoutes 함수 호출
2025-09-23 21:12:39 +09:00: {"timestamp":"2025-09-23T12:12:39.551Z","level":"INFO","message":"🌐 서버 환경 감지: 포트 5000으로 고정"}
2025-09-23 21:12:39 +09:00: 🔧 [storage.ts] DATABASE_URL: postgresql://ahndj@localhost:5432/trading_db
2025-09-23 21:12:39 +09:00: 🔧 [BaseRepository.ts] DATABASE_URL: postgresql://ahndj@localhost:5432/trading_db
2025-09-23 21:12:39 +09:00: ℹ️ [ProxyManager] 프록시 설정 없음 - 직접 연결 사용
2025-09-23 21:12:39 +09:00: 🚀 [2025-09-23T12:12:39.747Z] 서버 시작 중...
2025-09-23 21:12:39 +09:00: 🌍 [2025-09-23T12:12:39.747Z] NODE_ENV: production
2025-09-23 21:12:39 +09:00: {"timestamp":"2025-09-23T12:12:39.747Z","level":"SYSTEM","message":"서버 시작","port":"5001","nodeEnv":"production","workingDir":"/Users/ahndj/Desktop/project/trading/automatic-trading1"}
2025-09-23 21:12:39 +09:00: {"timestamp":"2025-09-23T12:12:39.747Z","level":"SYSTEM","message":"데이터베이스 연결","database":"localhost:5432/trading_db"}
2025-09-23 21:12:39 +09:00: 🎯 [2025-09-23T12:12:39.747Z] 거래 모드: LIVE (실거래)
2025-09-23 21:12:39 +09:00: 🔧 [2025-09-23T12:12:39.747Z] Live 거래 활성화: true
2025-09-23 21:12:39 +09:00: 🌍 [2025-09-23T12:12:39.748Z] 환경: production
2025-09-23 21:12:39 +09:00: 🚨 [2025-09-23T12:12:39.748Z] Live 거래 모드 - 실제 자금으로 거래가 실행됩니다! 🚨
2025-09-23 21:12:39 +09:00: 🔧 [2025-09-23T12:12:39.748Z] HTTP 서버 생성 중...
2025-09-23 21:12:39 +09:00: {"timestamp":"2025-09-23T12:12:39.749Z","level":"INFO","message":"🔧 세션 설정 중..."}
2025-09-23 21:12:39 +09:00: {"timestamp":"2025-09-23T12:12:39.761Z","level":"INFO","message":"Redis 클라이언트 연결 성공"}
2025-09-23 21:12:39 +09:00: {"timestamp":"2025-09-23T12:12:39.761Z","level":"INFO","message":"세션 저장소: Redis 사용"}
2025-09-23 21:12:39 +09:00: {"timestamp":"2025-09-23T12:12:39.761Z","level":"INFO","message":"✅ 세션 설정 완료"}
2025-09-23 21:12:39 +09:00: {"timestamp":"2025-09-23T12:12:39.761Z","level":"INFO","message":"🛣️ 라우트 등록 중..."}
2025-09-23 21:12:39 +09:00: 🔍 [2025-09-23T12:12:39.761Z] 라우트 등록 시작 - registerRoutes 함수 호출
2025-09-23 21:12:39 +09:00: {"timestamp":"2025-09-23T12:12:39.765Z","level":"INFO","message":"🌐 서버 환경 감지: 포트 5000으로 고정"}
2025-09-23 21:12:39 +09:00: 🔧 [storage.ts] DATABASE_URL: postgresql://ahndj@localhost:5432/trading_db
2025-09-23 21:12:39 +09:00: 🔧 [BaseRepository.ts] DATABASE_URL: postgresql://ahndj@localhost:5432/trading_db
2025-09-23 21:12:39 +09:00: ℹ️ [ProxyManager] 프록시 설정 없음 - 직접 연결 사용
2025-09-23 21:12:39 +09:00: 🚀 [2025-09-23T12:12:39.973Z] 서버 시작 중...
2025-09-23 21:12:39 +09:00: 🌍 [2025-09-23T12:12:39.973Z] NODE_ENV: production
2025-09-23 21:12:39 +09:00: {"timestamp":"2025-09-23T12:12:39.973Z","level":"SYSTEM","message":"서버 시작","port":"5001","nodeEnv":"production","workingDir":"/Users/ahndj/Desktop/project/trading/automatic-trading1"}
2025-09-23 21:12:39 +09:00: {"timestamp":"2025-09-23T12:12:39.973Z","level":"SYSTEM","message":"데이터베이스 연결","database":"localhost:5432/trading_db"}
2025-09-23 21:12:39 +09:00: 🎯 [2025-09-23T12:12:39.973Z] 거래 모드: LIVE (실거래)
2025-09-23 21:12:39 +09:00: 🔧 [2025-09-23T12:12:39.973Z] Live 거래 활성화: true
2025-09-23 21:12:39 +09:00: 🌍 [2025-09-23T12:12:39.973Z] 환경: production
2025-09-23 21:12:39 +09:00: 🚨 [2025-09-23T12:12:39.973Z] Live 거래 모드 - 실제 자금으로 거래가 실행됩니다! 🚨
2025-09-23 21:12:39 +09:00: 🔧 [2025-09-23T12:12:39.974Z] HTTP 서버 생성 중...
2025-09-23 21:12:39 +09:00: {"timestamp":"2025-09-23T12:12:39.974Z","level":"INFO","message":"🔧 세션 설정 중..."}
2025-09-23 21:12:39 +09:00: {"timestamp":"2025-09-23T12:12:39.984Z","level":"INFO","message":"Redis 클라이언트 연결 성공"}
2025-09-23 21:12:39 +09:00: {"timestamp":"2025-09-23T12:12:39.985Z","level":"INFO","message":"세션 저장소: Redis 사용"}
2025-09-23 21:12:39 +09:00: {"timestamp":"2025-09-23T12:12:39.985Z","level":"INFO","message":"✅ 세션 설정 완료"}
2025-09-23 21:12:39 +09:00: {"timestamp":"2025-09-23T12:12:39.985Z","level":"INFO","message":"🛣️ 라우트 등록 중..."}
2025-09-23 21:12:39 +09:00: 🔍 [2025-09-23T12:12:39.985Z] 라우트 등록 시작 - registerRoutes 함수 호출
2025-09-23 21:12:39 +09:00: {"timestamp":"2025-09-23T12:12:39.988Z","level":"INFO","message":"🌐 서버 환경 감지: 포트 5000으로 고정"}
2025-09-23 21:12:40 +09:00: 🔧 [storage.ts] DATABASE_URL: postgresql://ahndj@localhost:5432/trading_db
2025-09-23 21:12:40 +09:00: 🔧 [BaseRepository.ts] DATABASE_URL: postgresql://ahndj@localhost:5432/trading_db
2025-09-23 21:12:40 +09:00: ℹ️ [ProxyManager] 프록시 설정 없음 - 직접 연결 사용
2025-09-23 21:12:40 +09:00: 🚀 [2025-09-23T12:12:40.178Z] 서버 시작 중...
2025-09-23 21:12:40 +09:00: 🌍 [2025-09-23T12:12:40.179Z] NODE_ENV: production
2025-09-23 21:12:40 +09:00: {"timestamp":"2025-09-23T12:12:40.179Z","level":"SYSTEM","message":"서버 시작","port":"5001","nodeEnv":"production","workingDir":"/Users/ahndj/Desktop/project/trading/automatic-trading1"}
2025-09-23 21:12:40 +09:00: {"timestamp":"2025-09-23T12:12:40.179Z","level":"SYSTEM","message":"데이터베이스 연결","database":"localhost:5432/trading_db"}
2025-09-23 21:12:40 +09:00: 🎯 [2025-09-23T12:12:40.179Z] 거래 모드: LIVE (실거래)
2025-09-23 21:12:40 +09:00: 🔧 [2025-09-23T12:12:40.179Z] Live 거래 활성화: true
2025-09-23 21:12:40 +09:00: 🌍 [2025-09-23T12:12:40.179Z] 환경: production
2025-09-23 21:12:40 +09:00: 🚨 [2025-09-23T12:12:40.179Z] Live 거래 모드 - 실제 자금으로 거래가 실행됩니다! 🚨
2025-09-23 21:12:40 +09:00: 🔧 [2025-09-23T12:12:40.180Z] HTTP 서버 생성 중...
2025-09-23 21:12:40 +09:00: {"timestamp":"2025-09-23T12:12:40.180Z","level":"INFO","message":"🔧 세션 설정 중..."}
2025-09-23 21:12:40 +09:00: {"timestamp":"2025-09-23T12:12:40.193Z","level":"INFO","message":"Redis 클라이언트 연결 성공"}
2025-09-23 21:12:40 +09:00: {"timestamp":"2025-09-23T12:12:40.193Z","level":"INFO","message":"세션 저장소: Redis 사용"}
2025-09-23 21:12:40 +09:00: {"timestamp":"2025-09-23T12:12:40.193Z","level":"INFO","message":"✅ 세션 설정 완료"}
2025-09-23 21:12:40 +09:00: {"timestamp":"2025-09-23T12:12:40.193Z","level":"INFO","message":"🛣️ 라우트 등록 중..."}
2025-09-23 21:12:40 +09:00: 🔍 [2025-09-23T12:12:40.193Z] 라우트 등록 시작 - registerRoutes 함수 호출
2025-09-23 21:12:40 +09:00: {"timestamp":"2025-09-23T12:12:40.197Z","level":"INFO","message":"🌐 서버 환경 감지: 포트 5000으로 고정"}
2025-09-23 21:12:40 +09:00: 🔧 [storage.ts] DATABASE_URL: postgresql://ahndj@localhost:5432/trading_db
2025-09-23 21:12:40 +09:00: 🔧 [BaseRepository.ts] DATABASE_URL: postgresql://ahndj@localhost:5432/trading_db
2025-09-23 21:12:40 +09:00: ℹ️ [ProxyManager] 프록시 설정 없음 - 직접 연결 사용
2025-09-23 21:12:40 +09:00: 🚀 [2025-09-23T12:12:40.417Z] 서버 시작 중...
2025-09-23 21:12:40 +09:00: 🌍 [2025-09-23T12:12:40.417Z] NODE_ENV: production
2025-09-23 21:12:40 +09:00: {"timestamp":"2025-09-23T12:12:40.417Z","level":"SYSTEM","message":"서버 시작","port":"5001","nodeEnv":"production","workingDir":"/Users/ahndj/Desktop/project/trading/automatic-trading1"}
2025-09-23 21:12:40 +09:00: {"timestamp":"2025-09-23T12:12:40.417Z","level":"SYSTEM","message":"데이터베이스 연결","database":"localhost:5432/trading_db"}
2025-09-23 21:12:40 +09:00: 🎯 [2025-09-23T12:12:40.417Z] 거래 모드: LIVE (실거래)
2025-09-23 21:12:40 +09:00: 🔧 [2025-09-23T12:12:40.417Z] Live 거래 활성화: true
2025-09-23 21:12:40 +09:00: 🌍 [2025-09-23T12:12:40.417Z] 환경: production
2025-09-23 21:12:40 +09:00: 🚨 [2025-09-23T12:12:40.417Z] Live 거래 모드 - 실제 자금으로 거래가 실행됩니다! 🚨
2025-09-23 21:12:40 +09:00: 🔧 [2025-09-23T12:12:40.418Z] HTTP 서버 생성 중...
2025-09-23 21:12:40 +09:00: {"timestamp":"2025-09-23T12:12:40.418Z","level":"INFO","message":"🔧 세션 설정 중..."}
2025-09-23 21:12:40 +09:00: {"timestamp":"2025-09-23T12:12:40.429Z","level":"INFO","message":"Redis 클라이언트 연결 성공"}
2025-09-23 21:12:40 +09:00: {"timestamp":"2025-09-23T12:12:40.429Z","level":"INFO","message":"세션 저장소: Redis 사용"}
2025-09-23 21:12:40 +09:00: {"timestamp":"2025-09-23T12:12:40.429Z","level":"INFO","message":"✅ 세션 설정 완료"}
2025-09-23 21:12:40 +09:00: {"timestamp":"2025-09-23T12:12:40.429Z","level":"INFO","message":"🛣️ 라우트 등록 중..."}
2025-09-23 21:12:40 +09:00: 🔍 [2025-09-23T12:12:40.429Z] 라우트 등록 시작 - registerRoutes 함수 호출
2025-09-23 21:12:40 +09:00: {"timestamp":"2025-09-23T12:12:40.432Z","level":"INFO","message":"🌐 서버 환경 감지: 포트 5000으로 고정"}
2025-09-23 21:12:40 +09:00: 🔧 [storage.ts] DATABASE_URL: postgresql://ahndj@localhost:5432/trading_db
2025-09-23 21:12:40 +09:00: 🔧 [BaseRepository.ts] DATABASE_URL: postgresql://ahndj@localhost:5432/trading_db
2025-09-23 21:12:40 +09:00: ℹ️ [ProxyManager] 프록시 설정 없음 - 직접 연결 사용
2025-09-23 21:12:40 +09:00: 🚀 [2025-09-23T12:12:40.623Z] 서버 시작 중...
2025-09-23 21:12:40 +09:00: 🌍 [2025-09-23T12:12:40.623Z] NODE_ENV: production
2025-09-23 21:12:40 +09:00: {"timestamp":"2025-09-23T12:12:40.623Z","level":"SYSTEM","message":"서버 시작","port":"5001","nodeEnv":"production","workingDir":"/Users/ahndj/Desktop/project/trading/automatic-trading1"}
2025-09-23 21:12:40 +09:00: {"timestamp":"2025-09-23T12:12:40.623Z","level":"SYSTEM","message":"데이터베이스 연결","database":"localhost:5432/trading_db"}
2025-09-23 21:12:40 +09:00: 🎯 [2025-09-23T12:12:40.623Z] 거래 모드: LIVE (실거래)
2025-09-23 21:12:40 +09:00: 🔧 [2025-09-23T12:12:40.623Z] Live 거래 활성화: true
2025-09-23 21:12:40 +09:00: 🌍 [2025-09-23T12:12:40.623Z] 환경: production
2025-09-23 21:12:40 +09:00: 🚨 [2025-09-23T12:12:40.623Z] Live 거래 모드 - 실제 자금으로 거래가 실행됩니다! 🚨
2025-09-23 21:12:40 +09:00: 🔧 [2025-09-23T12:12:40.624Z] HTTP 서버 생성 중...
2025-09-23 21:12:40 +09:00: {"timestamp":"2025-09-23T12:12:40.624Z","level":"INFO","message":"🔧 세션 설정 중..."}
2025-09-23 21:12:40 +09:00: {"timestamp":"2025-09-23T12:12:40.635Z","level":"INFO","message":"Redis 클라이언트 연결 성공"}
2025-09-23 21:12:40 +09:00: {"timestamp":"2025-09-23T12:12:40.635Z","level":"INFO","message":"세션 저장소: Redis 사용"}
2025-09-23 21:12:40 +09:00: {"timestamp":"2025-09-23T12:12:40.635Z","level":"INFO","message":"✅ 세션 설정 완료"}
2025-09-23 21:12:40 +09:00: {"timestamp":"2025-09-23T12:12:40.635Z","level":"INFO","message":"🛣️ 라우트 등록 중..."}
2025-09-23 21:12:40 +09:00: 🔍 [2025-09-23T12:12:40.635Z] 라우트 등록 시작 - registerRoutes 함수 호출
2025-09-23 21:12:40 +09:00: {"timestamp":"2025-09-23T12:12:40.638Z","level":"INFO","message":"🌐 서버 환경 감지: 포트 5000으로 고정"}
2025-09-23 21:12:40 +09:00: 🔧 [storage.ts] DATABASE_URL: postgresql://ahndj@localhost:5432/trading_db
2025-09-23 21:12:40 +09:00: 🔧 [BaseRepository.ts] DATABASE_URL: postgresql://ahndj@localhost:5432/trading_db
2025-09-23 21:12:40 +09:00: ℹ️ [ProxyManager] 프록시 설정 없음 - 직접 연결 사용
2025-09-23 21:12:40 +09:00: 🚀 [2025-09-23T12:12:40.828Z] 서버 시작 중...
2025-09-23 21:12:40 +09:00: 🌍 [2025-09-23T12:12:40.828Z] NODE_ENV: production
2025-09-23 21:12:40 +09:00: {"timestamp":"2025-09-23T12:12:40.828Z","level":"SYSTEM","message":"서버 시작","port":"5001","nodeEnv":"production","workingDir":"/Users/ahndj/Desktop/project/trading/automatic-trading1"}
2025-09-23 21:12:40 +09:00: {"timestamp":"2025-09-23T12:12:40.828Z","level":"SYSTEM","message":"데이터베이스 연결","database":"localhost:5432/trading_db"}
2025-09-23 21:12:40 +09:00: 🎯 [2025-09-23T12:12:40.828Z] 거래 모드: LIVE (실거래)
2025-09-23 21:12:40 +09:00: 🔧 [2025-09-23T12:12:40.828Z] Live 거래 활성화: true
2025-09-23 21:12:40 +09:00: 🌍 [2025-09-23T12:12:40.828Z] 환경: production
2025-09-23 21:12:40 +09:00: 🚨 [2025-09-23T12:12:40.828Z] Live 거래 모드 - 실제 자금으로 거래가 실행됩니다! 🚨
2025-09-23 21:12:40 +09:00: 🔧 [2025-09-23T12:12:40.829Z] HTTP 서버 생성 중...
2025-09-23 21:12:40 +09:00: {"timestamp":"2025-09-23T12:12:40.829Z","level":"INFO","message":"🔧 세션 설정 중..."}
2025-09-23 21:12:40 +09:00: {"timestamp":"2025-09-23T12:12:40.840Z","level":"INFO","message":"Redis 클라이언트 연결 성공"}
2025-09-23 21:12:40 +09:00: {"timestamp":"2025-09-23T12:12:40.840Z","level":"INFO","message":"세션 저장소: Redis 사용"}
2025-09-23 21:12:40 +09:00: {"timestamp":"2025-09-23T12:12:40.840Z","level":"INFO","message":"✅ 세션 설정 완료"}
2025-09-23 21:12:40 +09:00: {"timestamp":"2025-09-23T12:12:40.840Z","level":"INFO","message":"🛣️ 라우트 등록 중..."}
2025-09-23 21:12:40 +09:00: 🔍 [2025-09-23T12:12:40.840Z] 라우트 등록 시작 - registerRoutes 함수 호출
2025-09-23 21:12:40 +09:00: {"timestamp":"2025-09-23T12:12:40.843Z","level":"INFO","message":"🌐 서버 환경 감지: 포트 5000으로 고정"}
2025-09-23 21:12:41 +09:00: 🔧 [storage.ts] DATABASE_URL: postgresql://ahndj@localhost:5432/trading_db
2025-09-23 21:12:41 +09:00: 🔧 [BaseRepository.ts] DATABASE_URL: postgresql://ahndj@localhost:5432/trading_db
2025-09-23 21:12:41 +09:00: ℹ️ [ProxyManager] 프록시 설정 없음 - 직접 연결 사용
2025-09-23 21:12:41 +09:00: 🚀 [2025-09-23T12:12:41.030Z] 서버 시작 중...
2025-09-23 21:12:41 +09:00: 🌍 [2025-09-23T12:12:41.030Z] NODE_ENV: production
2025-09-23 21:12:41 +09:00: {"timestamp":"2025-09-23T12:12:41.030Z","level":"SYSTEM","message":"서버 시작","port":"5001","nodeEnv":"production","workingDir":"/Users/ahndj/Desktop/project/trading/automatic-trading1"}
2025-09-23 21:12:41 +09:00: {"timestamp":"2025-09-23T12:12:41.030Z","level":"SYSTEM","message":"데이터베이스 연결","database":"localhost:5432/trading_db"}
2025-09-23 21:12:41 +09:00: 🎯 [2025-09-23T12:12:41.030Z] 거래 모드: LIVE (실거래)
2025-09-23 21:12:41 +09:00: 🔧 [2025-09-23T12:12:41.030Z] Live 거래 활성화: true
2025-09-23 21:12:41 +09:00: 🌍 [2025-09-23T12:12:41.030Z] 환경: production
2025-09-23 21:12:41 +09:00: 🚨 [2025-09-23T12:12:41.030Z] Live 거래 모드 - 실제 자금으로 거래가 실행됩니다! 🚨
2025-09-23 21:12:41 +09:00: 🔧 [2025-09-23T12:12:41.031Z] HTTP 서버 생성 중...
2025-09-23 21:12:41 +09:00: {"timestamp":"2025-09-23T12:12:41.031Z","level":"INFO","message":"🔧 세션 설정 중..."}
2025-09-23 21:12:41 +09:00: {"timestamp":"2025-09-23T12:12:41.044Z","level":"INFO","message":"Redis 클라이언트 연결 성공"}
2025-09-23 21:12:41 +09:00: {"timestamp":"2025-09-23T12:12:41.044Z","level":"INFO","message":"세션 저장소: Redis 사용"}
2025-09-23 21:12:41 +09:00: {"timestamp":"2025-09-23T12:12:41.044Z","level":"INFO","message":"✅ 세션 설정 완료"}
2025-09-23 21:12:41 +09:00: {"timestamp":"2025-09-23T12:12:41.044Z","level":"INFO","message":"🛣️ 라우트 등록 중..."}
2025-09-23 21:12:41 +09:00: 🔍 [2025-09-23T12:12:41.044Z] 라우트 등록 시작 - registerRoutes 함수 호출
2025-09-23 21:12:41 +09:00: {"timestamp":"2025-09-23T12:12:41.048Z","level":"INFO","message":"🌐 서버 환경 감지: 포트 5000으로 고정"}
2025-09-23 21:12:41 +09:00: 🔧 [storage.ts] DATABASE_URL: postgresql://ahndj@localhost:5432/trading_db
2025-09-23 21:12:41 +09:00: 🔧 [BaseRepository.ts] DATABASE_URL: postgresql://ahndj@localhost:5432/trading_db
2025-09-23 21:12:41 +09:00: ℹ️ [ProxyManager] 프록시 설정 없음 - 직접 연결 사용
2025-09-23 21:12:41 +09:00: 🚀 [2025-09-23T12:12:41.237Z] 서버 시작 중...
2025-09-23 21:12:41 +09:00: 🌍 [2025-09-23T12:12:41.238Z] NODE_ENV: production
2025-09-23 21:12:41 +09:00: {"timestamp":"2025-09-23T12:12:41.238Z","level":"SYSTEM","message":"서버 시작","port":"5001","nodeEnv":"production","workingDir":"/Users/ahndj/Desktop/project/trading/automatic-trading1"}
2025-09-23 21:12:41 +09:00: {"timestamp":"2025-09-23T12:12:41.238Z","level":"SYSTEM","message":"데이터베이스 연결","database":"localhost:5432/trading_db"}
2025-09-23 21:12:41 +09:00: 🎯 [2025-09-23T12:12:41.238Z] 거래 모드: LIVE (실거래)
2025-09-23 21:12:41 +09:00: 🔧 [2025-09-23T12:12:41.238Z] Live 거래 활성화: true
2025-09-23 21:12:41 +09:00: 🌍 [2025-09-23T12:12:41.238Z] 환경: production
2025-09-23 21:12:41 +09:00: 🚨 [2025-09-23T12:12:41.238Z] Live 거래 모드 - 실제 자금으로 거래가 실행됩니다! 🚨
2025-09-23 21:12:41 +09:00: 🔧 [2025-09-23T12:12:41.239Z] HTTP 서버 생성 중...
2025-09-23 21:12:41 +09:00: {"timestamp":"2025-09-23T12:12:41.239Z","level":"INFO","message":"🔧 세션 설정 중..."}
2025-09-23 21:12:41 +09:00: {"timestamp":"2025-09-23T12:12:41.252Z","level":"INFO","message":"Redis 클라이언트 연결 성공"}
2025-09-23 21:12:41 +09:00: {"timestamp":"2025-09-23T12:12:41.252Z","level":"INFO","message":"세션 저장소: Redis 사용"}
2025-09-23 21:12:41 +09:00: {"timestamp":"2025-09-23T12:12:41.252Z","level":"INFO","message":"✅ 세션 설정 완료"}
2025-09-23 21:12:41 +09:00: {"timestamp":"2025-09-23T12:12:41.252Z","level":"INFO","message":"🛣️ 라우트 등록 중..."}
2025-09-23 21:12:41 +09:00: 🔍 [2025-09-23T12:12:41.252Z] 라우트 등록 시작 - registerRoutes 함수 호출
2025-09-23 21:12:41 +09:00: {"timestamp":"2025-09-23T12:12:41.256Z","level":"INFO","message":"🌐 서버 환경 감지: 포트 5000으로 고정"}
2025-09-23 22:06:05 +09:00: 🔧 [storage.ts] DATABASE_URL: postgresql://ahndj@localhost:5432/trading_db
2025-09-23 22:06:05 +09:00: 🔧 [BaseRepository.ts] DATABASE_URL: postgresql://ahndj@localhost:5432/trading_db
2025-09-23 22:06:05 +09:00: ℹ️ [ProxyManager] 프록시 설정 없음 - 직접 연결 사용
2025-09-23 22:06:05 +09:00: 🚀 [2025-09-23T13:06:05.210Z] 서버 시작 중...
2025-09-23 22:06:05 +09:00: 🌍 [2025-09-23T13:06:05.210Z] NODE_ENV: production
2025-09-23 22:06:05 +09:00: {"timestamp":"2025-09-23T13:06:05.210Z","level":"SYSTEM","message":"서버 시작","port":"5001","nodeEnv":"production","workingDir":"/Users/ahndj/Desktop/project/trading/automatic-trading1"}
2025-09-23 22:06:05 +09:00: {"timestamp":"2025-09-23T13:06:05.210Z","level":"SYSTEM","message":"데이터베이스 연결","database":"localhost:5432/trading_db"}
2025-09-23 22:06:05 +09:00: 🎯 [2025-09-23T13:06:05.210Z] 거래 모드: LIVE (실거래)
2025-09-23 22:06:05 +09:00: 🔧 [2025-09-23T13:06:05.210Z] Live 거래 활성화: true
2025-09-23 22:06:05 +09:00: 🌍 [2025-09-23T13:06:05.210Z] 환경: production
2025-09-23 22:06:05 +09:00: 🚨 [2025-09-23T13:06:05.210Z] Live 거래 모드 - 실제 자금으로 거래가 실행됩니다! 🚨
2025-09-23 22:06:05 +09:00: 🔧 [2025-09-23T13:06:05.211Z] HTTP 서버 생성 중...
2025-09-23 22:06:05 +09:00: {"timestamp":"2025-09-23T13:06:05.211Z","level":"INFO","message":"🔧 세션 설정 중..."}
2025-09-23 22:06:05 +09:00: {"timestamp":"2025-09-23T13:06:05.223Z","level":"INFO","message":"Redis 클라이언트 연결 성공"}
2025-09-23 22:06:05 +09:00: {"timestamp":"2025-09-23T13:06:05.223Z","level":"INFO","message":"세션 저장소: Redis 사용"}
2025-09-23 22:06:05 +09:00: {"timestamp":"2025-09-23T13:06:05.223Z","level":"INFO","message":"✅ 세션 설정 완료"}
2025-09-23 22:06:05 +09:00: {"timestamp":"2025-09-23T13:06:05.223Z","level":"INFO","message":"🛣️ 라우트 등록 중..."}
2025-09-23 22:06:05 +09:00: 🔍 [2025-09-23T13:06:05.223Z] 라우트 등록 시작 - registerRoutes 함수 호출
2025-09-23 22:06:05 +09:00: {"timestamp":"2025-09-23T13:06:05.227Z","level":"INFO","message":"🌐 서버 환경 감지: 포트 5000으로 고정"}
2025-09-23 22:06:05 +09:00: 🔧 [storage.ts] DATABASE_URL: postgresql://ahndj@localhost:5432/trading_db
2025-09-23 22:06:05 +09:00: 🔧 [BaseRepository.ts] DATABASE_URL: postgresql://ahndj@localhost:5432/trading_db
2025-09-23 22:06:05 +09:00: ℹ️ [ProxyManager] 프록시 설정 없음 - 직접 연결 사용
2025-09-23 22:06:05 +09:00: 🚀 [2025-09-23T13:06:05.430Z] 서버 시작 중...
2025-09-23 22:06:05 +09:00: 🌍 [2025-09-23T13:06:05.431Z] NODE_ENV: production
2025-09-23 22:06:05 +09:00: {"timestamp":"2025-09-23T13:06:05.431Z","level":"SYSTEM","message":"서버 시작","port":"5001","nodeEnv":"production","workingDir":"/Users/ahndj/Desktop/project/trading/automatic-trading1"}
2025-09-23 22:06:05 +09:00: {"timestamp":"2025-09-23T13:06:05.431Z","level":"SYSTEM","message":"데이터베이스 연결","database":"localhost:5432/trading_db"}
2025-09-23 22:06:05 +09:00: 🎯 [2025-09-23T13:06:05.431Z] 거래 모드: LIVE (실거래)
2025-09-23 22:06:05 +09:00: 🔧 [2025-09-23T13:06:05.431Z] Live 거래 활성화: true
2025-09-23 22:06:05 +09:00: 🌍 [2025-09-23T13:06:05.431Z] 환경: production
2025-09-23 22:06:05 +09:00: 🚨 [2025-09-23T13:06:05.431Z] Live 거래 모드 - 실제 자금으로 거래가 실행됩니다! 🚨
2025-09-23 22:06:05 +09:00: 🔧 [2025-09-23T13:06:05.432Z] HTTP 서버 생성 중...
2025-09-23 22:06:05 +09:00: {"timestamp":"2025-09-23T13:06:05.432Z","level":"INFO","message":"🔧 세션 설정 중..."}
2025-09-23 22:06:05 +09:00: {"timestamp":"2025-09-23T13:06:05.444Z","level":"INFO","message":"Redis 클라이언트 연결 성공"}
2025-09-23 22:06:05 +09:00: {"timestamp":"2025-09-23T13:06:05.444Z","level":"INFO","message":"세션 저장소: Redis 사용"}
2025-09-23 22:06:05 +09:00: {"timestamp":"2025-09-23T13:06:05.444Z","level":"INFO","message":"✅ 세션 설정 완료"}
2025-09-23 22:06:05 +09:00: {"timestamp":"2025-09-23T13:06:05.444Z","level":"INFO","message":"🛣️ 라우트 등록 중..."}
2025-09-23 22:06:05 +09:00: 🔍 [2025-09-23T13:06:05.444Z] 라우트 등록 시작 - registerRoutes 함수 호출
2025-09-23 22:06:05 +09:00: {"timestamp":"2025-09-23T13:06:05.448Z","level":"INFO","message":"🌐 서버 환경 감지: 포트 5000으로 고정"}
2025-09-23 22:06:05 +09:00: 🔧 [storage.ts] DATABASE_URL: postgresql://ahndj@localhost:5432/trading_db
2025-09-23 22:06:05 +09:00: 🔧 [BaseRepository.ts] DATABASE_URL: postgresql://ahndj@localhost:5432/trading_db
2025-09-23 22:06:05 +09:00: ℹ️ [ProxyManager] 프록시 설정 없음 - 직접 연결 사용
2025-09-23 22:06:05 +09:00: 🚀 [2025-09-23T13:06:05.640Z] 서버 시작 중...
2025-09-23 22:06:05 +09:00: 🌍 [2025-09-23T13:06:05.640Z] NODE_ENV: production
2025-09-23 22:06:05 +09:00: {"timestamp":"2025-09-23T13:06:05.640Z","level":"SYSTEM","message":"서버 시작","port":"5001","nodeEnv":"production","workingDir":"/Users/ahndj/Desktop/project/trading/automatic-trading1"}
2025-09-23 22:06:05 +09:00: {"timestamp":"2025-09-23T13:06:05.640Z","level":"SYSTEM","message":"데이터베이스 연결","database":"localhost:5432/trading_db"}
2025-09-23 22:06:05 +09:00: 🎯 [2025-09-23T13:06:05.640Z] 거래 모드: LIVE (실거래)
2025-09-23 22:06:05 +09:00: 🔧 [2025-09-23T13:06:05.640Z] Live 거래 활성화: true
2025-09-23 22:06:05 +09:00: 🌍 [2025-09-23T13:06:05.640Z] 환경: production
2025-09-23 22:06:05 +09:00: 🚨 [2025-09-23T13:06:05.640Z] Live 거래 모드 - 실제 자금으로 거래가 실행됩니다! 🚨
2025-09-23 22:06:05 +09:00: 🔧 [2025-09-23T13:06:05.641Z] HTTP 서버 생성 중...
2025-09-23 22:06:05 +09:00: {"timestamp":"2025-09-23T13:06:05.641Z","level":"INFO","message":"🔧 세션 설정 중..."}
2025-09-23 22:06:05 +09:00: {"timestamp":"2025-09-23T13:06:05.651Z","level":"INFO","message":"Redis 클라이언트 연결 성공"}
2025-09-23 22:06:05 +09:00: {"timestamp":"2025-09-23T13:06:05.651Z","level":"INFO","message":"세션 저장소: Redis 사용"}
2025-09-23 22:06:05 +09:00: {"timestamp":"2025-09-23T13:06:05.651Z","level":"INFO","message":"✅ 세션 설정 완료"}
2025-09-23 22:06:05 +09:00: {"timestamp":"2025-09-23T13:06:05.651Z","level":"INFO","message":"🛣️ 라우트 등록 중..."}
2025-09-23 22:06:05 +09:00: 🔍 [2025-09-23T13:06:05.651Z] 라우트 등록 시작 - registerRoutes 함수 호출
2025-09-23 22:06:05 +09:00: {"timestamp":"2025-09-23T13:06:05.655Z","level":"INFO","message":"🌐 서버 환경 감지: 포트 5000으로 고정"}
2025-09-23 22:06:05 +09:00: 🔧 [storage.ts] DATABASE_URL: postgresql://ahndj@localhost:5432/trading_db
2025-09-23 22:06:05 +09:00: 🔧 [BaseRepository.ts] DATABASE_URL: postgresql://ahndj@localhost:5432/trading_db
2025-09-23 22:06:05 +09:00: ℹ️ [ProxyManager] 프록시 설정 없음 - 직접 연결 사용
2025-09-23 22:06:05 +09:00: 🚀 [2025-09-23T13:06:05.839Z] 서버 시작 중...
2025-09-23 22:06:05 +09:00: 🌍 [2025-09-23T13:06:05.839Z] NODE_ENV: production
2025-09-23 22:06:05 +09:00: {"timestamp":"2025-09-23T13:06:05.839Z","level":"SYSTEM","message":"서버 시작","port":"5001","nodeEnv":"production","workingDir":"/Users/ahndj/Desktop/project/trading/automatic-trading1"}
2025-09-23 22:06:05 +09:00: {"timestamp":"2025-09-23T13:06:05.839Z","level":"SYSTEM","message":"데이터베이스 연결","database":"localhost:5432/trading_db"}
2025-09-23 22:06:05 +09:00: 🎯 [2025-09-23T13:06:05.839Z] 거래 모드: LIVE (실거래)
2025-09-23 22:06:05 +09:00: 🔧 [2025-09-23T13:06:05.839Z] Live 거래 활성화: true
2025-09-23 22:06:05 +09:00: 🌍 [2025-09-23T13:06:05.839Z] 환경: production
2025-09-23 22:06:05 +09:00: 🚨 [2025-09-23T13:06:05.839Z] Live 거래 모드 - 실제 자금으로 거래가 실행됩니다! 🚨
2025-09-23 22:06:05 +09:00: 🔧 [2025-09-23T13:06:05.840Z] HTTP 서버 생성 중...
2025-09-23 22:06:05 +09:00: {"timestamp":"2025-09-23T13:06:05.840Z","level":"INFO","message":"🔧 세션 설정 중..."}
2025-09-23 22:06:05 +09:00: {"timestamp":"2025-09-23T13:06:05.852Z","level":"INFO","message":"Redis 클라이언트 연결 성공"}
2025-09-23 22:06:05 +09:00: {"timestamp":"2025-09-23T13:06:05.852Z","level":"INFO","message":"세션 저장소: Redis 사용"}
2025-09-23 22:06:05 +09:00: {"timestamp":"2025-09-23T13:06:05.852Z","level":"INFO","message":"✅ 세션 설정 완료"}
2025-09-23 22:06:05 +09:00: {"timestamp":"2025-09-23T13:06:05.852Z","level":"INFO","message":"🛣️ 라우트 등록 중..."}
2025-09-23 22:06:05 +09:00: 🔍 [2025-09-23T13:06:05.852Z] 라우트 등록 시작 - registerRoutes 함수 호출
2025-09-23 22:06:05 +09:00: {"timestamp":"2025-09-23T13:06:05.856Z","level":"INFO","message":"🌐 서버 환경 감지: 포트 5000으로 고정"}
2025-09-23 22:06:06 +09:00: 🔧 [storage.ts] DATABASE_URL: postgresql://ahndj@localhost:5432/trading_db
2025-09-23 22:06:06 +09:00: 🔧 [BaseRepository.ts] DATABASE_URL: postgresql://ahndj@localhost:5432/trading_db
2025-09-23 22:06:06 +09:00: ℹ️ [ProxyManager] 프록시 설정 없음 - 직접 연결 사용
2025-09-23 22:06:06 +09:00: 🚀 [2025-09-23T13:06:06.042Z] 서버 시작 중...
2025-09-23 22:06:06 +09:00: 🌍 [2025-09-23T13:06:06.042Z] NODE_ENV: production
2025-09-23 22:06:06 +09:00: {"timestamp":"2025-09-23T13:06:06.042Z","level":"SYSTEM","message":"서버 시작","port":"5001","nodeEnv":"production","workingDir":"/Users/ahndj/Desktop/project/trading/automatic-trading1"}
2025-09-23 22:06:06 +09:00: {"timestamp":"2025-09-23T13:06:06.042Z","level":"SYSTEM","message":"데이터베이스 연결","database":"localhost:5432/trading_db"}
2025-09-23 22:06:06 +09:00: 🎯 [2025-09-23T13:06:06.042Z] 거래 모드: LIVE (실거래)
2025-09-23 22:06:06 +09:00: 🔧 [2025-09-23T13:06:06.042Z] Live 거래 활성화: true
2025-09-23 22:06:06 +09:00: 🌍 [2025-09-23T13:06:06.042Z] 환경: production
2025-09-23 22:06:06 +09:00: 🚨 [2025-09-23T13:06:06.042Z] Live 거래 모드 - 실제 자금으로 거래가 실행됩니다! 🚨
2025-09-23 22:06:06 +09:00: 🔧 [2025-09-23T13:06:06.043Z] HTTP 서버 생성 중...
2025-09-23 22:06:06 +09:00: {"timestamp":"2025-09-23T13:06:06.043Z","level":"INFO","message":"🔧 세션 설정 중..."}
2025-09-23 22:06:06 +09:00: {"timestamp":"2025-09-23T13:06:06.053Z","level":"INFO","message":"Redis 클라이언트 연결 성공"}
2025-09-23 22:06:06 +09:00: {"timestamp":"2025-09-23T13:06:06.053Z","level":"INFO","message":"세션 저장소: Redis 사용"}
2025-09-23 22:06:06 +09:00: {"timestamp":"2025-09-23T13:06:06.053Z","level":"INFO","message":"✅ 세션 설정 완료"}
2025-09-23 22:06:06 +09:00: {"timestamp":"2025-09-23T13:06:06.053Z","level":"INFO","message":"🛣️ 라우트 등록 중..."}
2025-09-23 22:06:06 +09:00: 🔍 [2025-09-23T13:06:06.053Z] 라우트 등록 시작 - registerRoutes 함수 호출
2025-09-23 22:06:06 +09:00: {"timestamp":"2025-09-23T13:06:06.057Z","level":"INFO","message":"🌐 서버 환경 감지: 포트 5000으로 고정"}
2025-09-23 22:06:06 +09:00: 🔧 [storage.ts] DATABASE_URL: postgresql://ahndj@localhost:5432/trading_db
2025-09-23 22:06:06 +09:00: 🔧 [BaseRepository.ts] DATABASE_URL: postgresql://ahndj@localhost:5432/trading_db
2025-09-23 22:06:06 +09:00: ℹ️ [ProxyManager] 프록시 설정 없음 - 직접 연결 사용
2025-09-23 22:06:06 +09:00: 🚀 [2025-09-23T13:06:06.271Z] 서버 시작 중...
2025-09-23 22:06:06 +09:00: 🌍 [2025-09-23T13:06:06.271Z] NODE_ENV: production
2025-09-23 22:06:06 +09:00: {"timestamp":"2025-09-23T13:06:06.271Z","level":"SYSTEM","message":"서버 시작","port":"5001","nodeEnv":"production","workingDir":"/Users/ahndj/Desktop/project/trading/automatic-trading1"}
2025-09-23 22:06:06 +09:00: {"timestamp":"2025-09-23T13:06:06.271Z","level":"SYSTEM","message":"데이터베이스 연결","database":"localhost:5432/trading_db"}
2025-09-23 22:06:06 +09:00: 🎯 [2025-09-23T13:06:06.271Z] 거래 모드: LIVE (실거래)
2025-09-23 22:06:06 +09:00: 🔧 [2025-09-23T13:06:06.271Z] Live 거래 활성화: true
2025-09-23 22:06:06 +09:00: 🌍 [2025-09-23T13:06:06.271Z] 환경: production
2025-09-23 22:06:06 +09:00: 🚨 [2025-09-23T13:06:06.271Z] Live 거래 모드 - 실제 자금으로 거래가 실행됩니다! 🚨
2025-09-23 22:06:06 +09:00: 🔧 [2025-09-23T13:06:06.272Z] HTTP 서버 생성 중...
2025-09-23 22:06:06 +09:00: {"timestamp":"2025-09-23T13:06:06.272Z","level":"INFO","message":"🔧 세션 설정 중..."}
2025-09-23 22:06:06 +09:00: {"timestamp":"2025-09-23T13:06:06.284Z","level":"INFO","message":"Redis 클라이언트 연결 성공"}
2025-09-23 22:06:06 +09:00: {"timestamp":"2025-09-23T13:06:06.284Z","level":"INFO","message":"세션 저장소: Redis 사용"}
2025-09-23 22:06:06 +09:00: {"timestamp":"2025-09-23T13:06:06.285Z","level":"INFO","message":"✅ 세션 설정 완료"}
2025-09-23 22:06:06 +09:00: {"timestamp":"2025-09-23T13:06:06.285Z","level":"INFO","message":"🛣️ 라우트 등록 중..."}
2025-09-23 22:06:06 +09:00: 🔍 [2025-09-23T13:06:06.285Z] 라우트 등록 시작 - registerRoutes 함수 호출
2025-09-23 22:06:06 +09:00: {"timestamp":"2025-09-23T13:06:06.289Z","level":"INFO","message":"🌐 서버 환경 감지: 포트 5000으로 고정"}
2025-09-23 22:06:06 +09:00: 🔧 [storage.ts] DATABASE_URL: postgresql://ahndj@localhost:5432/trading_db
2025-09-23 22:06:06 +09:00: 🔧 [BaseRepository.ts] DATABASE_URL: postgresql://ahndj@localhost:5432/trading_db
2025-09-23 22:06:06 +09:00: ℹ️ [ProxyManager] 프록시 설정 없음 - 직접 연결 사용
2025-09-23 22:06:06 +09:00: 🚀 [2025-09-23T13:06:06.487Z] 서버 시작 중...
2025-09-23 22:06:06 +09:00: 🌍 [2025-09-23T13:06:06.488Z] NODE_ENV: production
2025-09-23 22:06:06 +09:00: {"timestamp":"2025-09-23T13:06:06.488Z","level":"SYSTEM","message":"서버 시작","port":"5001","nodeEnv":"production","workingDir":"/Users/ahndj/Desktop/project/trading/automatic-trading1"}
2025-09-23 22:06:06 +09:00: {"timestamp":"2025-09-23T13:06:06.488Z","level":"SYSTEM","message":"데이터베이스 연결","database":"localhost:5432/trading_db"}
2025-09-23 22:06:06 +09:00: 🎯 [2025-09-23T13:06:06.488Z] 거래 모드: LIVE (실거래)
2025-09-23 22:06:06 +09:00: 🔧 [2025-09-23T13:06:06.488Z] Live 거래 활성화: true
2025-09-23 22:06:06 +09:00: 🌍 [2025-09-23T13:06:06.488Z] 환경: production
2025-09-23 22:06:06 +09:00: 🚨 [2025-09-23T13:06:06.488Z] Live 거래 모드 - 실제 자금으로 거래가 실행됩니다! 🚨
2025-09-23 22:06:06 +09:00: 🔧 [2025-09-23T13:06:06.489Z] HTTP 서버 생성 중...
2025-09-23 22:06:06 +09:00: {"timestamp":"2025-09-23T13:06:06.489Z","level":"INFO","message":"🔧 세션 설정 중..."}
2025-09-23 22:06:06 +09:00: {"timestamp":"2025-09-23T13:06:06.501Z","level":"INFO","message":"Redis 클라이언트 연결 성공"}
2025-09-23 22:06:06 +09:00: {"timestamp":"2025-09-23T13:06:06.501Z","level":"INFO","message":"세션 저장소: Redis 사용"}
2025-09-23 22:06:06 +09:00: {"timestamp":"2025-09-23T13:06:06.502Z","level":"INFO","message":"✅ 세션 설정 완료"}
2025-09-23 22:06:06 +09:00: {"timestamp":"2025-09-23T13:06:06.502Z","level":"INFO","message":"🛣️ 라우트 등록 중..."}
2025-09-23 22:06:06 +09:00: 🔍 [2025-09-23T13:06:06.502Z] 라우트 등록 시작 - registerRoutes 함수 호출
2025-09-23 22:06:06 +09:00: {"timestamp":"2025-09-23T13:06:06.506Z","level":"INFO","message":"🌐 서버 환경 감지: 포트 5000으로 고정"}
2025-09-23 22:06:06 +09:00: 🔧 [storage.ts] DATABASE_URL: postgresql://ahndj@localhost:5432/trading_db
2025-09-23 22:06:06 +09:00: 🔧 [BaseRepository.ts] DATABASE_URL: postgresql://ahndj@localhost:5432/trading_db
2025-09-23 22:06:06 +09:00: ℹ️ [ProxyManager] 프록시 설정 없음 - 직접 연결 사용
2025-09-23 22:06:06 +09:00: 🚀 [2025-09-23T13:06:06.701Z] 서버 시작 중...
2025-09-23 22:06:06 +09:00: 🌍 [2025-09-23T13:06:06.701Z] NODE_ENV: production
2025-09-23 22:06:06 +09:00: {"timestamp":"2025-09-23T13:06:06.701Z","level":"SYSTEM","message":"서버 시작","port":"5001","nodeEnv":"production","workingDir":"/Users/ahndj/Desktop/project/trading/automatic-trading1"}
2025-09-23 22:06:06 +09:00: {"timestamp":"2025-09-23T13:06:06.701Z","level":"SYSTEM","message":"데이터베이스 연결","database":"localhost:5432/trading_db"}
2025-09-23 22:06:06 +09:00: 🎯 [2025-09-23T13:06:06.701Z] 거래 모드: LIVE (실거래)
2025-09-23 22:06:06 +09:00: 🔧 [2025-09-23T13:06:06.701Z] Live 거래 활성화: true
2025-09-23 22:06:06 +09:00: 🌍 [2025-09-23T13:06:06.701Z] 환경: production
2025-09-23 22:06:06 +09:00: 🚨 [2025-09-23T13:06:06.701Z] Live 거래 모드 - 실제 자금으로 거래가 실행됩니다! 🚨
2025-09-23 22:06:06 +09:00: 🔧 [2025-09-23T13:06:06.702Z] HTTP 서버 생성 중...
2025-09-23 22:06:06 +09:00: {"timestamp":"2025-09-23T13:06:06.702Z","level":"INFO","message":"🔧 세션 설정 중..."}
2025-09-23 22:06:06 +09:00: {"timestamp":"2025-09-23T13:06:06.716Z","level":"INFO","message":"Redis 클라이언트 연결 성공"}
2025-09-23 22:06:06 +09:00: {"timestamp":"2025-09-23T13:06:06.716Z","level":"INFO","message":"세션 저장소: Redis 사용"}
2025-09-23 22:06:06 +09:00: {"timestamp":"2025-09-23T13:06:06.716Z","level":"INFO","message":"✅ 세션 설정 완료"}
2025-09-23 22:06:06 +09:00: {"timestamp":"2025-09-23T13:06:06.716Z","level":"INFO","message":"🛣️ 라우트 등록 중..."}
2025-09-23 22:06:06 +09:00: 🔍 [2025-09-23T13:06:06.716Z] 라우트 등록 시작 - registerRoutes 함수 호출
2025-09-23 22:06:06 +09:00: {"timestamp":"2025-09-23T13:06:06.719Z","level":"INFO","message":"🌐 서버 환경 감지: 포트 5000으로 고정"}
2025-09-23 22:06:06 +09:00: 🔧 [storage.ts] DATABASE_URL: postgresql://ahndj@localhost:5432/trading_db
2025-09-23 22:06:06 +09:00: 🔧 [BaseRepository.ts] DATABASE_URL: postgresql://ahndj@localhost:5432/trading_db
2025-09-23 22:06:06 +09:00: ℹ️ [ProxyManager] 프록시 설정 없음 - 직접 연결 사용
2025-09-23 22:06:06 +09:00: 🚀 [2025-09-23T13:06:06.906Z] 서버 시작 중...
2025-09-23 22:06:06 +09:00: 🌍 [2025-09-23T13:06:06.906Z] NODE_ENV: production
2025-09-23 22:06:06 +09:00: {"timestamp":"2025-09-23T13:06:06.906Z","level":"SYSTEM","message":"서버 시작","port":"5001","nodeEnv":"production","workingDir":"/Users/ahndj/Desktop/project/trading/automatic-trading1"}
2025-09-23 22:06:06 +09:00: {"timestamp":"2025-09-23T13:06:06.906Z","level":"SYSTEM","message":"데이터베이스 연결","database":"localhost:5432/trading_db"}
2025-09-23 22:06:06 +09:00: 🎯 [2025-09-23T13:06:06.906Z] 거래 모드: LIVE (실거래)
2025-09-23 22:06:06 +09:00: 🔧 [2025-09-23T13:06:06.906Z] Live 거래 활성화: true
2025-09-23 22:06:06 +09:00: 🌍 [2025-09-23T13:06:06.906Z] 환경: production
2025-09-23 22:06:06 +09:00: 🚨 [2025-09-23T13:06:06.907Z] Live 거래 모드 - 실제 자금으로 거래가 실행됩니다! 🚨
2025-09-23 22:06:06 +09:00: 🔧 [2025-09-23T13:06:06.907Z] HTTP 서버 생성 중...
2025-09-23 22:06:06 +09:00: {"timestamp":"2025-09-23T13:06:06.907Z","level":"INFO","message":"🔧 세션 설정 중..."}
2025-09-23 22:06:06 +09:00: {"timestamp":"2025-09-23T13:06:06.917Z","level":"INFO","message":"Redis 클라이언트 연결 성공"}
2025-09-23 22:06:06 +09:00: {"timestamp":"2025-09-23T13:06:06.917Z","level":"INFO","message":"세션 저장소: Redis 사용"}
2025-09-23 22:06:06 +09:00: {"timestamp":"2025-09-23T13:06:06.917Z","level":"INFO","message":"✅ 세션 설정 완료"}
2025-09-23 22:06:06 +09:00: {"timestamp":"2025-09-23T13:06:06.917Z","level":"INFO","message":"🛣️ 라우트 등록 중..."}
2025-09-23 22:06:06 +09:00: 🔍 [2025-09-23T13:06:06.917Z] 라우트 등록 시작 - registerRoutes 함수 호출
2025-09-23 22:06:06 +09:00: {"timestamp":"2025-09-23T13:06:06.921Z","level":"INFO","message":"🌐 서버 환경 감지: 포트 5000으로 고정"}
2025-09-23 22:06:07 +09:00: 🔧 [storage.ts] DATABASE_URL: postgresql://ahndj@localhost:5432/trading_db
2025-09-23 22:06:07 +09:00: 🔧 [BaseRepository.ts] DATABASE_URL: postgresql://ahndj@localhost:5432/trading_db
2025-09-23 22:06:07 +09:00: ℹ️ [ProxyManager] 프록시 설정 없음 - 직접 연결 사용
2025-09-23 22:06:07 +09:00: 🚀 [2025-09-23T13:06:07.107Z] 서버 시작 중...
2025-09-23 22:06:07 +09:00: 🌍 [2025-09-23T13:06:07.107Z] NODE_ENV: production
2025-09-23 22:06:07 +09:00: {"timestamp":"2025-09-23T13:06:07.107Z","level":"SYSTEM","message":"서버 시작","port":"5001","nodeEnv":"production","workingDir":"/Users/ahndj/Desktop/project/trading/automatic-trading1"}
2025-09-23 22:06:07 +09:00: {"timestamp":"2025-09-23T13:06:07.107Z","level":"SYSTEM","message":"데이터베이스 연결","database":"localhost:5432/trading_db"}
2025-09-23 22:06:07 +09:00: 🎯 [2025-09-23T13:06:07.107Z] 거래 모드: LIVE (실거래)
2025-09-23 22:06:07 +09:00: 🔧 [2025-09-23T13:06:07.107Z] Live 거래 활성화: true
2025-09-23 22:06:07 +09:00: 🌍 [2025-09-23T13:06:07.107Z] 환경: production
2025-09-23 22:06:07 +09:00: 🚨 [2025-09-23T13:06:07.107Z] Live 거래 모드 - 실제 자금으로 거래가 실행됩니다! 🚨
2025-09-23 22:06:07 +09:00: 🔧 [2025-09-23T13:06:07.108Z] HTTP 서버 생성 중...
2025-09-23 22:06:07 +09:00: {"timestamp":"2025-09-23T13:06:07.108Z","level":"INFO","message":"🔧 세션 설정 중..."}
2025-09-23 22:06:07 +09:00: {"timestamp":"2025-09-23T13:06:07.118Z","level":"INFO","message":"Redis 클라이언트 연결 성공"}
2025-09-23 22:06:07 +09:00: {"timestamp":"2025-09-23T13:06:07.118Z","level":"INFO","message":"세션 저장소: Redis 사용"}
2025-09-23 22:06:07 +09:00: {"timestamp":"2025-09-23T13:06:07.119Z","level":"INFO","message":"✅ 세션 설정 완료"}
2025-09-23 22:06:07 +09:00: {"timestamp":"2025-09-23T13:06:07.119Z","level":"INFO","message":"🛣️ 라우트 등록 중..."}
2025-09-23 22:06:07 +09:00: 🔍 [2025-09-23T13:06:07.119Z] 라우트 등록 시작 - registerRoutes 함수 호출
2025-09-23 22:06:07 +09:00: {"timestamp":"2025-09-23T13:06:07.122Z","level":"INFO","message":"🌐 서버 환경 감지: 포트 5000으로 고정"}
2025-09-23 23:20:20 +09:00: 🔧 [storage.ts] DATABASE_URL: postgresql://ahndj@localhost:5432/trading_db
2025-09-23 23:20:20 +09:00: 🔧 [BaseRepository.ts] DATABASE_URL: postgresql://ahndj@localhost:5432/trading_db
2025-09-23 23:20:20 +09:00: ℹ️ [ProxyManager] 프록시 설정 없음 - 직접 연결 사용
2025-09-23 23:20:20 +09:00: 🚀 [2025-09-23T14:20:20.475Z] 서버 시작 중...
2025-09-23 23:20:20 +09:00: 🌍 [2025-09-23T14:20:20.476Z] NODE_ENV: production
2025-09-23 23:20:20 +09:00: {"timestamp":"2025-09-23T14:20:20.476Z","level":"SYSTEM","message":"서버 시작","port":"5001","nodeEnv":"production","workingDir":"/Users/ahndj/Desktop/project/trading/automatic-trading1"}
2025-09-23 23:20:20 +09:00: {"timestamp":"2025-09-23T14:20:20.476Z","level":"SYSTEM","message":"데이터베이스 연결","database":"localhost:5432/trading_db"}
2025-09-23 23:20:20 +09:00: 🎯 [2025-09-23T14:20:20.476Z] 거래 모드: LIVE (실거래)
2025-09-23 23:20:20 +09:00: 🔧 [2025-09-23T14:20:20.476Z] Live 거래 활성화: true
2025-09-23 23:20:20 +09:00: 🌍 [2025-09-23T14:20:20.476Z] 환경: production
2025-09-23 23:20:20 +09:00: 🚨 [2025-09-23T14:20:20.476Z] Live 거래 모드 - 실제 자금으로 거래가 실행됩니다! 🚨
2025-09-23 23:20:20 +09:00: 🔧 [2025-09-23T14:20:20.477Z] HTTP 서버 생성 중...
2025-09-23 23:20:20 +09:00: {"timestamp":"2025-09-23T14:20:20.477Z","level":"INFO","message":"🔧 세션 설정 중..."}
2025-09-23 23:20:20 +09:00: {"timestamp":"2025-09-23T14:20:20.490Z","level":"INFO","message":"Redis 클라이언트 연결 성공"}
2025-09-23 23:20:20 +09:00: {"timestamp":"2025-09-23T14:20:20.490Z","level":"INFO","message":"세션 저장소: Redis 사용"}
2025-09-23 23:20:20 +09:00: {"timestamp":"2025-09-23T14:20:20.490Z","level":"INFO","message":"✅ 세션 설정 완료"}
2025-09-23 23:20:20 +09:00: {"timestamp":"2025-09-23T14:20:20.490Z","level":"INFO","message":"🛣️ 라우트 등록 중..."}
2025-09-23 23:20:20 +09:00: 🔍 [2025-09-23T14:20:20.490Z] 라우트 등록 시작 - registerRoutes 함수 호출
2025-09-23 23:20:20 +09:00: {"timestamp":"2025-09-23T14:20:20.494Z","level":"INFO","message":"🌐 서버 환경 감지: 포트 5000으로 고정"}
2025-09-23 23:20:20 +09:00: 🔧 [storage.ts] DATABASE_URL: postgresql://ahndj@localhost:5432/trading_db
2025-09-23 23:20:20 +09:00: 🔧 [BaseRepository.ts] DATABASE_URL: postgresql://ahndj@localhost:5432/trading_db
2025-09-23 23:20:20 +09:00: ℹ️ [ProxyManager] 프록시 설정 없음 - 직접 연결 사용
2025-09-23 23:20:20 +09:00: 🚀 [2025-09-23T14:20:20.711Z] 서버 시작 중...
2025-09-23 23:20:20 +09:00: 🌍 [2025-09-23T14:20:20.712Z] NODE_ENV: production
2025-09-23 23:20:20 +09:00: {"timestamp":"2025-09-23T14:20:20.712Z","level":"SYSTEM","message":"서버 시작","port":"5001","nodeEnv":"production","workingDir":"/Users/ahndj/Desktop/project/trading/automatic-trading1"}
2025-09-23 23:20:20 +09:00: {"timestamp":"2025-09-23T14:20:20.712Z","level":"SYSTEM","message":"데이터베이스 연결","database":"localhost:5432/trading_db"}
2025-09-23 23:20:20 +09:00: 🎯 [2025-09-23T14:20:20.712Z] 거래 모드: LIVE (실거래)
2025-09-23 23:20:20 +09:00: 🔧 [2025-09-23T14:20:20.712Z] Live 거래 활성화: true
2025-09-23 23:20:20 +09:00: 🌍 [2025-09-23T14:20:20.712Z] 환경: production
2025-09-23 23:20:20 +09:00: 🚨 [2025-09-23T14:20:20.712Z] Live 거래 모드 - 실제 자금으로 거래가 실행됩니다! 🚨
2025-09-23 23:20:20 +09:00: 🔧 [2025-09-23T14:20:20.713Z] HTTP 서버 생성 중...
2025-09-23 23:20:20 +09:00: {"timestamp":"2025-09-23T14:20:20.713Z","level":"INFO","message":"🔧 세션 설정 중..."}
2025-09-23 23:20:20 +09:00: {"timestamp":"2025-09-23T14:20:20.725Z","level":"INFO","message":"Redis 클라이언트 연결 성공"}
2025-09-23 23:20:20 +09:00: {"timestamp":"2025-09-23T14:20:20.725Z","level":"INFO","message":"세션 저장소: Redis 사용"}
2025-09-23 23:20:20 +09:00: {"timestamp":"2025-09-23T14:20:20.725Z","level":"INFO","message":"✅ 세션 설정 완료"}
2025-09-23 23:20:20 +09:00: {"timestamp":"2025-09-23T14:20:20.725Z","level":"INFO","message":"🛣️ 라우트 등록 중..."}
2025-09-23 23:20:20 +09:00: 🔍 [2025-09-23T14:20:20.725Z] 라우트 등록 시작 - registerRoutes 함수 호출
2025-09-23 23:20:20 +09:00: {"timestamp":"2025-09-23T14:20:20.730Z","level":"INFO","message":"🌐 서버 환경 감지: 포트 5000으로 고정"}
2025-09-23 23:20:20 +09:00: 🔧 [storage.ts] DATABASE_URL: postgresql://ahndj@localhost:5432/trading_db
2025-09-23 23:20:20 +09:00: 🔧 [BaseRepository.ts] DATABASE_URL: postgresql://ahndj@localhost:5432/trading_db
2025-09-23 23:20:20 +09:00: ℹ️ [ProxyManager] 프록시 설정 없음 - 직접 연결 사용
2025-09-23 23:20:20 +09:00: 🚀 [2025-09-23T14:20:20.932Z] 서버 시작 중...
2025-09-23 23:20:20 +09:00: 🌍 [2025-09-23T14:20:20.933Z] NODE_ENV: production
2025-09-23 23:20:20 +09:00: {"timestamp":"2025-09-23T14:20:20.933Z","level":"SYSTEM","message":"서버 시작","port":"5001","nodeEnv":"production","workingDir":"/Users/ahndj/Desktop/project/trading/automatic-trading1"}
2025-09-23 23:20:20 +09:00: {"timestamp":"2025-09-23T14:20:20.933Z","level":"SYSTEM","message":"데이터베이스 연결","database":"localhost:5432/trading_db"}
2025-09-23 23:20:20 +09:00: 🎯 [2025-09-23T14:20:20.933Z] 거래 모드: LIVE (실거래)
2025-09-23 23:20:20 +09:00: 🔧 [2025-09-23T14:20:20.933Z] Live 거래 활성화: true
2025-09-23 23:20:20 +09:00: 🌍 [2025-09-23T14:20:20.933Z] 환경: production
2025-09-23 23:20:20 +09:00: 🚨 [2025-09-23T14:20:20.933Z] Live 거래 모드 - 실제 자금으로 거래가 실행됩니다! 🚨
2025-09-23 23:20:20 +09:00: 🔧 [2025-09-23T14:20:20.934Z] HTTP 서버 생성 중...
2025-09-23 23:20:20 +09:00: {"timestamp":"2025-09-23T14:20:20.934Z","level":"INFO","message":"🔧 세션 설정 중..."}
2025-09-23 23:20:20 +09:00: {"timestamp":"2025-09-23T14:20:20.948Z","level":"INFO","message":"Redis 클라이언트 연결 성공"}
2025-09-23 23:20:20 +09:00: {"timestamp":"2025-09-23T14:20:20.948Z","level":"INFO","message":"세션 저장소: Redis 사용"}
2025-09-23 23:20:20 +09:00: {"timestamp":"2025-09-23T14:20:20.948Z","level":"INFO","message":"✅ 세션 설정 완료"}
2025-09-23 23:20:20 +09:00: {"timestamp":"2025-09-23T14:20:20.948Z","level":"INFO","message":"🛣️ 라우트 등록 중..."}
2025-09-23 23:20:20 +09:00: 🔍 [2025-09-23T14:20:20.948Z] 라우트 등록 시작 - registerRoutes 함수 호출
2025-09-23 23:20:20 +09:00: {"timestamp":"2025-09-23T14:20:20.952Z","level":"INFO","message":"🌐 서버 환경 감지: 포트 5000으로 고정"}
2025-09-23 23:20:21 +09:00: 🔧 [storage.ts] DATABASE_URL: postgresql://ahndj@localhost:5432/trading_db
2025-09-23 23:20:21 +09:00: 🔧 [BaseRepository.ts] DATABASE_URL: postgresql://ahndj@localhost:5432/trading_db
2025-09-23 23:20:21 +09:00: ℹ️ [ProxyManager] 프록시 설정 없음 - 직접 연결 사용
2025-09-23 23:20:21 +09:00: 🚀 [2025-09-23T14:20:21.146Z] 서버 시작 중...
2025-09-23 23:20:21 +09:00: 🌍 [2025-09-23T14:20:21.146Z] NODE_ENV: production
2025-09-23 23:20:21 +09:00: {"timestamp":"2025-09-23T14:20:21.146Z","level":"SYSTEM","message":"서버 시작","port":"5001","nodeEnv":"production","workingDir":"/Users/ahndj/Desktop/project/trading/automatic-trading1"}
2025-09-23 23:20:21 +09:00: {"timestamp":"2025-09-23T14:20:21.146Z","level":"SYSTEM","message":"데이터베이스 연결","database":"localhost:5432/trading_db"}
2025-09-23 23:20:21 +09:00: 🎯 [2025-09-23T14:20:21.146Z] 거래 모드: LIVE (실거래)
2025-09-23 23:20:21 +09:00: 🔧 [2025-09-23T14:20:21.146Z] Live 거래 활성화: true
2025-09-23 23:20:21 +09:00: 🌍 [2025-09-23T14:20:21.146Z] 환경: production
2025-09-23 23:20:21 +09:00: 🚨 [2025-09-23T14:20:21.146Z] Live 거래 모드 - 실제 자금으로 거래가 실행됩니다! 🚨
2025-09-23 23:20:21 +09:00: 🔧 [2025-09-23T14:20:21.147Z] HTTP 서버 생성 중...
2025-09-23 23:20:21 +09:00: {"timestamp":"2025-09-23T14:20:21.147Z","level":"INFO","message":"🔧 세션 설정 중..."}
2025-09-23 23:20:21 +09:00: {"timestamp":"2025-09-23T14:20:21.158Z","level":"INFO","message":"Redis 클라이언트 연결 성공"}
2025-09-23 23:20:21 +09:00: {"timestamp":"2025-09-23T14:20:21.158Z","level":"INFO","message":"세션 저장소: Redis 사용"}
2025-09-23 23:20:21 +09:00: {"timestamp":"2025-09-23T14:20:21.158Z","level":"INFO","message":"✅ 세션 설정 완료"}
2025-09-23 23:20:21 +09:00: {"timestamp":"2025-09-23T14:20:21.158Z","level":"INFO","message":"🛣️ 라우트 등록 중..."}
2025-09-23 23:20:21 +09:00: 🔍 [2025-09-23T14:20:21.158Z] 라우트 등록 시작 - registerRoutes 함수 호출
2025-09-23 23:20:21 +09:00: {"timestamp":"2025-09-23T14:20:21.162Z","level":"INFO","message":"🌐 서버 환경 감지: 포트 5000으로 고정"}
2025-09-23 23:20:21 +09:00: 🔧 [storage.ts] DATABASE_URL: postgresql://ahndj@localhost:5432/trading_db
2025-09-23 23:20:21 +09:00: 🔧 [BaseRepository.ts] DATABASE_URL: postgresql://ahndj@localhost:5432/trading_db
2025-09-23 23:20:21 +09:00: ℹ️ [ProxyManager] 프록시 설정 없음 - 직접 연결 사용
2025-09-23 23:20:21 +09:00: 🚀 [2025-09-23T14:20:21.358Z] 서버 시작 중...
2025-09-23 23:20:21 +09:00: 🌍 [2025-09-23T14:20:21.358Z] NODE_ENV: production
2025-09-23 23:20:21 +09:00: {"timestamp":"2025-09-23T14:20:21.358Z","level":"SYSTEM","message":"서버 시작","port":"5001","nodeEnv":"production","workingDir":"/Users/ahndj/Desktop/project/trading/automatic-trading1"}
2025-09-23 23:20:21 +09:00: {"timestamp":"2025-09-23T14:20:21.358Z","level":"SYSTEM","message":"데이터베이스 연결","database":"localhost:5432/trading_db"}
2025-09-23 23:20:21 +09:00: 🎯 [2025-09-23T14:20:21.358Z] 거래 모드: LIVE (실거래)
2025-09-23 23:20:21 +09:00: 🔧 [2025-09-23T14:20:21.358Z] Live 거래 활성화: true
2025-09-23 23:20:21 +09:00: 🌍 [2025-09-23T14:20:21.358Z] 환경: production
2025-09-23 23:20:21 +09:00: 🚨 [2025-09-23T14:20:21.358Z] Live 거래 모드 - 실제 자금으로 거래가 실행됩니다! 🚨
2025-09-23 23:20:21 +09:00: 🔧 [2025-09-23T14:20:21.359Z] HTTP 서버 생성 중...
2025-09-23 23:20:21 +09:00: {"timestamp":"2025-09-23T14:20:21.359Z","level":"INFO","message":"🔧 세션 설정 중..."}
2025-09-23 23:20:21 +09:00: {"timestamp":"2025-09-23T14:20:21.373Z","level":"INFO","message":"Redis 클라이언트 연결 성공"}
2025-09-23 23:20:21 +09:00: {"timestamp":"2025-09-23T14:20:21.373Z","level":"INFO","message":"세션 저장소: Redis 사용"}
2025-09-23 23:20:21 +09:00: {"timestamp":"2025-09-23T14:20:21.373Z","level":"INFO","message":"✅ 세션 설정 완료"}
2025-09-23 23:20:21 +09:00: {"timestamp":"2025-09-23T14:20:21.373Z","level":"INFO","message":"🛣️ 라우트 등록 중..."}
2025-09-23 23:20:21 +09:00: 🔍 [2025-09-23T14:20:21.373Z] 라우트 등록 시작 - registerRoutes 함수 호출
2025-09-23 23:20:21 +09:00: {"timestamp":"2025-09-23T14:20:21.377Z","level":"INFO","message":"🌐 서버 환경 감지: 포트 5000으로 고정"}
2025-09-23 23:20:21 +09:00: 🔧 [storage.ts] DATABASE_URL: postgresql://ahndj@localhost:5432/trading_db
2025-09-23 23:20:21 +09:00: 🔧 [BaseRepository.ts] DATABASE_URL: postgresql://ahndj@localhost:5432/trading_db
2025-09-23 23:20:21 +09:00: ℹ️ [ProxyManager] 프록시 설정 없음 - 직접 연결 사용
2025-09-23 23:20:21 +09:00: 🚀 [2025-09-23T14:20:21.566Z] 서버 시작 중...
2025-09-23 23:20:21 +09:00: 🌍 [2025-09-23T14:20:21.566Z] NODE_ENV: production
2025-09-23 23:20:21 +09:00: {"timestamp":"2025-09-23T14:20:21.566Z","level":"SYSTEM","message":"서버 시작","port":"5001","nodeEnv":"production","workingDir":"/Users/ahndj/Desktop/project/trading/automatic-trading1"}
2025-09-23 23:20:21 +09:00: {"timestamp":"2025-09-23T14:20:21.566Z","level":"SYSTEM","message":"데이터베이스 연결","database":"localhost:5432/trading_db"}
2025-09-23 23:20:21 +09:00: 🎯 [2025-09-23T14:20:21.566Z] 거래 모드: LIVE (실거래)
2025-09-23 23:20:21 +09:00: 🔧 [2025-09-23T14:20:21.566Z] Live 거래 활성화: true
2025-09-23 23:20:21 +09:00: 🌍 [2025-09-23T14:20:21.566Z] 환경: production
2025-09-23 23:20:21 +09:00: 🚨 [2025-09-23T14:20:21.566Z] Live 거래 모드 - 실제 자금으로 거래가 실행됩니다! 🚨
2025-09-23 23:20:21 +09:00: 🔧 [2025-09-23T14:20:21.567Z] HTTP 서버 생성 중...
2025-09-23 23:20:21 +09:00: {"timestamp":"2025-09-23T14:20:21.568Z","level":"INFO","message":"🔧 세션 설정 중..."}
2025-09-23 23:20:21 +09:00: {"timestamp":"2025-09-23T14:20:21.580Z","level":"INFO","message":"Redis 클라이언트 연결 성공"}
2025-09-23 23:20:21 +09:00: {"timestamp":"2025-09-23T14:20:21.580Z","level":"INFO","message":"세션 저장소: Redis 사용"}
2025-09-23 23:20:21 +09:00: {"timestamp":"2025-09-23T14:20:21.580Z","level":"INFO","message":"✅ 세션 설정 완료"}
2025-09-23 23:20:21 +09:00: {"timestamp":"2025-09-23T14:20:21.580Z","level":"INFO","message":"🛣️ 라우트 등록 중..."}
2025-09-23 23:20:21 +09:00: 🔍 [2025-09-23T14:20:21.580Z] 라우트 등록 시작 - registerRoutes 함수 호출
2025-09-23 23:20:21 +09:00: {"timestamp":"2025-09-23T14:20:21.584Z","level":"INFO","message":"🌐 서버 환경 감지: 포트 5000으로 고정"}
2025-09-23 23:20:21 +09:00: 🔧 [storage.ts] DATABASE_URL: postgresql://ahndj@localhost:5432/trading_db
2025-09-23 23:20:21 +09:00: 🔧 [BaseRepository.ts] DATABASE_URL: postgresql://ahndj@localhost:5432/trading_db
2025-09-23 23:20:21 +09:00: ℹ️ [ProxyManager] 프록시 설정 없음 - 직접 연결 사용
2025-09-23 23:20:21 +09:00: 🚀 [2025-09-23T14:20:21.776Z] 서버 시작 중...
2025-09-23 23:20:21 +09:00: 🌍 [2025-09-23T14:20:21.776Z] NODE_ENV: production
2025-09-23 23:20:21 +09:00: {"timestamp":"2025-09-23T14:20:21.776Z","level":"SYSTEM","message":"서버 시작","port":"5001","nodeEnv":"production","workingDir":"/Users/ahndj/Desktop/project/trading/automatic-trading1"}
2025-09-23 23:20:21 +09:00: {"timestamp":"2025-09-23T14:20:21.776Z","level":"SYSTEM","message":"데이터베이스 연결","database":"localhost:5432/trading_db"}
2025-09-23 23:20:21 +09:00: 🎯 [2025-09-23T14:20:21.776Z] 거래 모드: LIVE (실거래)
2025-09-23 23:20:21 +09:00: 🔧 [2025-09-23T14:20:21.776Z] Live 거래 활성화: true
2025-09-23 23:20:21 +09:00: 🌍 [2025-09-23T14:20:21.777Z] 환경: production
2025-09-23 23:20:21 +09:00: 🚨 [2025-09-23T14:20:21.777Z] Live 거래 모드 - 실제 자금으로 거래가 실행됩니다! 🚨
2025-09-23 23:20:21 +09:00: 🔧 [2025-09-23T14:20:21.777Z] HTTP 서버 생성 중...
2025-09-23 23:20:21 +09:00: {"timestamp":"2025-09-23T14:20:21.778Z","level":"INFO","message":"🔧 세션 설정 중..."}
2025-09-23 23:20:21 +09:00: {"timestamp":"2025-09-23T14:20:21.787Z","level":"INFO","message":"Redis 클라이언트 연결 성공"}
2025-09-23 23:20:21 +09:00: {"timestamp":"2025-09-23T14:20:21.788Z","level":"INFO","message":"세션 저장소: Redis 사용"}
2025-09-23 23:20:21 +09:00: {"timestamp":"2025-09-23T14:20:21.788Z","level":"INFO","message":"✅ 세션 설정 완료"}
2025-09-23 23:20:21 +09:00: {"timestamp":"2025-09-23T14:20:21.788Z","level":"INFO","message":"🛣️ 라우트 등록 중..."}
2025-09-23 23:20:21 +09:00: 🔍 [2025-09-23T14:20:21.788Z] 라우트 등록 시작 - registerRoutes 함수 호출
2025-09-23 23:20:21 +09:00: {"timestamp":"2025-09-23T14:20:21.791Z","level":"INFO","message":"🌐 서버 환경 감지: 포트 5000으로 고정"}
2025-09-23 23:20:21 +09:00: 🔧 [storage.ts] DATABASE_URL: postgresql://ahndj@localhost:5432/trading_db
2025-09-23 23:20:21 +09:00: 🔧 [BaseRepository.ts] DATABASE_URL: postgresql://ahndj@localhost:5432/trading_db
2025-09-23 23:20:21 +09:00: ℹ️ [ProxyManager] 프록시 설정 없음 - 직접 연결 사용
2025-09-23 23:20:21 +09:00: 🚀 [2025-09-23T14:20:21.977Z] 서버 시작 중...
2025-09-23 23:20:21 +09:00: 🌍 [2025-09-23T14:20:21.977Z] NODE_ENV: production
2025-09-23 23:20:21 +09:00: {"timestamp":"2025-09-23T14:20:21.977Z","level":"SYSTEM","message":"서버 시작","port":"5001","nodeEnv":"production","workingDir":"/Users/ahndj/Desktop/project/trading/automatic-trading1"}
2025-09-23 23:20:21 +09:00: {"timestamp":"2025-09-23T14:20:21.977Z","level":"SYSTEM","message":"데이터베이스 연결","database":"localhost:5432/trading_db"}
2025-09-23 23:20:21 +09:00: 🎯 [2025-09-23T14:20:21.977Z] 거래 모드: LIVE (실거래)
2025-09-23 23:20:21 +09:00: 🔧 [2025-09-23T14:20:21.977Z] Live 거래 활성화: true
2025-09-23 23:20:21 +09:00: 🌍 [2025-09-23T14:20:21.977Z] 환경: production
2025-09-23 23:20:21 +09:00: 🚨 [2025-09-23T14:20:21.977Z] Live 거래 모드 - 실제 자금으로 거래가 실행됩니다! 🚨
2025-09-23 23:20:21 +09:00: 🔧 [2025-09-23T14:20:21.978Z] HTTP 서버 생성 중...
2025-09-23 23:20:21 +09:00: {"timestamp":"2025-09-23T14:20:21.978Z","level":"INFO","message":"🔧 세션 설정 중..."}
2025-09-23 23:20:21 +09:00: {"timestamp":"2025-09-23T14:20:21.991Z","level":"INFO","message":"Redis 클라이언트 연결 성공"}
2025-09-23 23:20:21 +09:00: {"timestamp":"2025-09-23T14:20:21.991Z","level":"INFO","message":"세션 저장소: Redis 사용"}
2025-09-23 23:20:21 +09:00: {"timestamp":"2025-09-23T14:20:21.991Z","level":"INFO","message":"✅ 세션 설정 완료"}
2025-09-23 23:20:21 +09:00: {"timestamp":"2025-09-23T14:20:21.991Z","level":"INFO","message":"🛣️ 라우트 등록 중..."}
2025-09-23 23:20:21 +09:00: 🔍 [2025-09-23T14:20:21.991Z] 라우트 등록 시작 - registerRoutes 함수 호출
2025-09-23 23:20:21 +09:00: {"timestamp":"2025-09-23T14:20:21.996Z","level":"INFO","message":"🌐 서버 환경 감지: 포트 5000으로 고정"}
2025-09-23 23:20:22 +09:00: 🔧 [storage.ts] DATABASE_URL: postgresql://ahndj@localhost:5432/trading_db
2025-09-23 23:20:22 +09:00: 🔧 [BaseRepository.ts] DATABASE_URL: postgresql://ahndj@localhost:5432/trading_db
2025-09-23 23:20:22 +09:00: ℹ️ [ProxyManager] 프록시 설정 없음 - 직접 연결 사용
2025-09-23 23:20:22 +09:00: 🚀 [2025-09-23T14:20:22.189Z] 서버 시작 중...
2025-09-23 23:20:22 +09:00: 🌍 [2025-09-23T14:20:22.190Z] NODE_ENV: production
2025-09-23 23:20:22 +09:00: {"timestamp":"2025-09-23T14:20:22.190Z","level":"SYSTEM","message":"서버 시작","port":"5001","nodeEnv":"production","workingDir":"/Users/ahndj/Desktop/project/trading/automatic-trading1"}
2025-09-23 23:20:22 +09:00: {"timestamp":"2025-09-23T14:20:22.190Z","level":"SYSTEM","message":"데이터베이스 연결","database":"localhost:5432/trading_db"}
2025-09-23 23:20:22 +09:00: 🎯 [2025-09-23T14:20:22.190Z] 거래 모드: LIVE (실거래)
2025-09-23 23:20:22 +09:00: 🔧 [2025-09-23T14:20:22.190Z] Live 거래 활성화: true
2025-09-23 23:20:22 +09:00: 🌍 [2025-09-23T14:20:22.190Z] 환경: production
2025-09-23 23:20:22 +09:00: 🚨 [2025-09-23T14:20:22.190Z] Live 거래 모드 - 실제 자금으로 거래가 실행됩니다! 🚨
2025-09-23 23:20:22 +09:00: 🔧 [2025-09-23T14:20:22.191Z] HTTP 서버 생성 중...
2025-09-23 23:20:22 +09:00: {"timestamp":"2025-09-23T14:20:22.191Z","level":"INFO","message":"🔧 세션 설정 중..."}
2025-09-23 23:20:22 +09:00: {"timestamp":"2025-09-23T14:20:22.203Z","level":"INFO","message":"Redis 클라이언트 연결 성공"}
2025-09-23 23:20:22 +09:00: {"timestamp":"2025-09-23T14:20:22.204Z","level":"INFO","message":"세션 저장소: Redis 사용"}
2025-09-23 23:20:22 +09:00: {"timestamp":"2025-09-23T14:20:22.204Z","level":"INFO","message":"✅ 세션 설정 완료"}
2025-09-23 23:20:22 +09:00: {"timestamp":"2025-09-23T14:20:22.204Z","level":"INFO","message":"🛣️ 라우트 등록 중..."}
2025-09-23 23:20:22 +09:00: 🔍 [2025-09-23T14:20:22.204Z] 라우트 등록 시작 - registerRoutes 함수 호출
2025-09-23 23:20:22 +09:00: {"timestamp":"2025-09-23T14:20:22.207Z","level":"INFO","message":"🌐 서버 환경 감지: 포트 5000으로 고정"}
2025-09-23 23:20:22 +09:00: 🔧 [storage.ts] DATABASE_URL: postgresql://ahndj@localhost:5432/trading_db
2025-09-23 23:20:22 +09:00: 🔧 [BaseRepository.ts] DATABASE_URL: postgresql://ahndj@localhost:5432/trading_db
2025-09-23 23:20:22 +09:00: ℹ️ [ProxyManager] 프록시 설정 없음 - 직접 연결 사용
2025-09-23 23:20:22 +09:00: 🚀 [2025-09-23T14:20:22.393Z] 서버 시작 중...
2025-09-23 23:20:22 +09:00: 🌍 [2025-09-23T14:20:22.393Z] NODE_ENV: production
2025-09-23 23:20:22 +09:00: {"timestamp":"2025-09-23T14:20:22.393Z","level":"SYSTEM","message":"서버 시작","port":"5001","nodeEnv":"production","workingDir":"/Users/ahndj/Desktop/project/trading/automatic-trading1"}
2025-09-23 23:20:22 +09:00: {"timestamp":"2025-09-23T14:20:22.393Z","level":"SYSTEM","message":"데이터베이스 연결","database":"localhost:5432/trading_db"}
2025-09-23 23:20:22 +09:00: 🎯 [2025-09-23T14:20:22.393Z] 거래 모드: LIVE (실거래)
2025-09-23 23:20:22 +09:00: 🔧 [2025-09-23T14:20:22.393Z] Live 거래 활성화: true
2025-09-23 23:20:22 +09:00: 🌍 [2025-09-23T14:20:22.393Z] 환경: production
2025-09-23 23:20:22 +09:00: 🚨 [2025-09-23T14:20:22.393Z] Live 거래 모드 - 실제 자금으로 거래가 실행됩니다! 🚨
2025-09-23 23:20:22 +09:00: 🔧 [2025-09-23T14:20:22.394Z] HTTP 서버 생성 중...
2025-09-23 23:20:22 +09:00: {"timestamp":"2025-09-23T14:20:22.394Z","level":"INFO","message":"🔧 세션 설정 중..."}
2025-09-23 23:20:22 +09:00: {"timestamp":"2025-09-23T14:20:22.404Z","level":"INFO","message":"Redis 클라이언트 연결 성공"}
2025-09-23 23:20:22 +09:00: {"timestamp":"2025-09-23T14:20:22.404Z","level":"INFO","message":"세션 저장소: Redis 사용"}
2025-09-23 23:20:22 +09:00: {"timestamp":"2025-09-23T14:20:22.404Z","level":"INFO","message":"✅ 세션 설정 완료"}
2025-09-23 23:20:22 +09:00: {"timestamp":"2025-09-23T14:20:22.404Z","level":"INFO","message":"🛣️ 라우트 등록 중..."}
2025-09-23 23:20:22 +09:00: 🔍 [2025-09-23T14:20:22.404Z] 라우트 등록 시작 - registerRoutes 함수 호출
2025-09-23 23:20:22 +09:00: {"timestamp":"2025-09-23T14:20:22.408Z","level":"INFO","message":"🌐 서버 환경 감지: 포트 5000으로 고정"}
2025-09-24 00:11:11 +09:00: 🔧 [storage.ts] DATABASE_URL: postgresql://ahndj@localhost:5432/trading_db
2025-09-24 00:11:11 +09:00: 🔧 [BaseRepository.ts] DATABASE_URL: postgresql://ahndj@localhost:5432/trading_db
2025-09-24 00:11:11 +09:00: ℹ️ [ProxyManager] 프록시 설정 없음 - 직접 연결 사용
2025-09-24 00:11:11 +09:00: 🚀 [2025-09-23T15:11:11.066Z] 서버 시작 중...
2025-09-24 00:11:11 +09:00: 🌍 [2025-09-23T15:11:11.066Z] NODE_ENV: production
2025-09-24 00:11:11 +09:00: {"timestamp":"2025-09-23T15:11:11.066Z","level":"SYSTEM","message":"서버 시작","port":"5001","nodeEnv":"production","workingDir":"/Users/ahndj/Desktop/project/trading/automatic-trading1"}
2025-09-24 00:11:11 +09:00: {"timestamp":"2025-09-23T15:11:11.066Z","level":"SYSTEM","message":"데이터베이스 연결","database":"localhost:5432/trading_db"}
2025-09-24 00:11:11 +09:00: 🎯 [2025-09-23T15:11:11.066Z] 거래 모드: LIVE (실거래)
2025-09-24 00:11:11 +09:00: 🔧 [2025-09-23T15:11:11.066Z] Live 거래 활성화: true
2025-09-24 00:11:11 +09:00: 🌍 [2025-09-23T15:11:11.066Z] 환경: production
2025-09-24 00:11:11 +09:00: 🚨 [2025-09-23T15:11:11.066Z] Live 거래 모드 - 실제 자금으로 거래가 실행됩니다! 🚨
2025-09-24 00:11:11 +09:00: 🔧 [2025-09-23T15:11:11.067Z] HTTP 서버 생성 중...
2025-09-24 00:11:11 +09:00: {"timestamp":"2025-09-23T15:11:11.067Z","level":"INFO","message":"🔧 세션 설정 중..."}
2025-09-24 00:11:11 +09:00: {"timestamp":"2025-09-23T15:11:11.081Z","level":"INFO","message":"Redis 클라이언트 연결 성공"}
2025-09-24 00:11:11 +09:00: {"timestamp":"2025-09-23T15:11:11.081Z","level":"INFO","message":"세션 저장소: Redis 사용"}
2025-09-24 00:11:11 +09:00: {"timestamp":"2025-09-23T15:11:11.081Z","level":"INFO","message":"✅ 세션 설정 완료"}
2025-09-24 00:11:11 +09:00: {"timestamp":"2025-09-23T15:11:11.081Z","level":"INFO","message":"🛣️ 라우트 등록 중..."}
2025-09-24 00:11:11 +09:00: 🔍 [2025-09-23T15:11:11.081Z] 라우트 등록 시작 - registerRoutes 함수 호출
2025-09-24 00:11:11 +09:00: {"timestamp":"2025-09-23T15:11:11.084Z","level":"INFO","message":"🌐 서버 환경 감지: 포트 5000으로 고정"}
2025-09-24 00:11:11 +09:00: 🔧 [storage.ts] DATABASE_URL: postgresql://ahndj@localhost:5432/trading_db
2025-09-24 00:11:11 +09:00: 🔧 [BaseRepository.ts] DATABASE_URL: postgresql://ahndj@localhost:5432/trading_db
2025-09-24 00:11:11 +09:00: ℹ️ [ProxyManager] 프록시 설정 없음 - 직접 연결 사용
2025-09-24 00:11:11 +09:00: 🚀 [2025-09-23T15:11:11.293Z] 서버 시작 중...
2025-09-24 00:11:11 +09:00: 🌍 [2025-09-23T15:11:11.294Z] NODE_ENV: production
2025-09-24 00:11:11 +09:00: {"timestamp":"2025-09-23T15:11:11.294Z","level":"SYSTEM","message":"서버 시작","port":"5001","nodeEnv":"production","workingDir":"/Users/ahndj/Desktop/project/trading/automatic-trading1"}
2025-09-24 00:11:11 +09:00: {"timestamp":"2025-09-23T15:11:11.294Z","level":"SYSTEM","message":"데이터베이스 연결","database":"localhost:5432/trading_db"}
2025-09-24 00:11:11 +09:00: 🎯 [2025-09-23T15:11:11.294Z] 거래 모드: LIVE (실거래)
2025-09-24 00:11:11 +09:00: 🔧 [2025-09-23T15:11:11.294Z] Live 거래 활성화: true
2025-09-24 00:11:11 +09:00: 🌍 [2025-09-23T15:11:11.294Z] 환경: production
2025-09-24 00:11:11 +09:00: 🚨 [2025-09-23T15:11:11.294Z] Live 거래 모드 - 실제 자금으로 거래가 실행됩니다! 🚨
2025-09-24 00:11:11 +09:00: 🔧 [2025-09-23T15:11:11.295Z] HTTP 서버 생성 중...
2025-09-24 00:11:11 +09:00: {"timestamp":"2025-09-23T15:11:11.295Z","level":"INFO","message":"🔧 세션 설정 중..."}
2025-09-24 00:11:11 +09:00: {"timestamp":"2025-09-23T15:11:11.309Z","level":"INFO","message":"Redis 클라이언트 연결 성공"}
2025-09-24 00:11:11 +09:00: {"timestamp":"2025-09-23T15:11:11.309Z","level":"INFO","message":"세션 저장소: Redis 사용"}
2025-09-24 00:11:11 +09:00: {"timestamp":"2025-09-23T15:11:11.309Z","level":"INFO","message":"✅ 세션 설정 완료"}
2025-09-24 00:11:11 +09:00: {"timestamp":"2025-09-23T15:11:11.309Z","level":"INFO","message":"🛣️ 라우트 등록 중..."}
2025-09-24 00:11:11 +09:00: 🔍 [2025-09-23T15:11:11.309Z] 라우트 등록 시작 - registerRoutes 함수 호출
2025-09-24 00:11:11 +09:00: {"timestamp":"2025-09-23T15:11:11.313Z","level":"INFO","message":"🌐 서버 환경 감지: 포트 5000으로 고정"}
2025-09-24 00:11:11 +09:00: 🔧 [storage.ts] DATABASE_URL: postgresql://ahndj@localhost:5432/trading_db
2025-09-24 00:11:11 +09:00: 🔧 [BaseRepository.ts] DATABASE_URL: postgresql://ahndj@localhost:5432/trading_db
2025-09-24 00:11:11 +09:00: ℹ️ [ProxyManager] 프록시 설정 없음 - 직접 연결 사용
2025-09-24 00:11:11 +09:00: 🚀 [2025-09-23T15:11:11.511Z] 서버 시작 중...
2025-09-24 00:11:11 +09:00: 🌍 [2025-09-23T15:11:11.511Z] NODE_ENV: production
2025-09-24 00:11:11 +09:00: {"timestamp":"2025-09-23T15:11:11.511Z","level":"SYSTEM","message":"서버 시작","port":"5001","nodeEnv":"production","workingDir":"/Users/ahndj/Desktop/project/trading/automatic-trading1"}
2025-09-24 00:11:11 +09:00: {"timestamp":"2025-09-23T15:11:11.511Z","level":"SYSTEM","message":"데이터베이스 연결","database":"localhost:5432/trading_db"}
2025-09-24 00:11:11 +09:00: 🎯 [2025-09-23T15:11:11.511Z] 거래 모드: LIVE (실거래)
2025-09-24 00:11:11 +09:00: 🔧 [2025-09-23T15:11:11.511Z] Live 거래 활성화: true
2025-09-24 00:11:11 +09:00: 🌍 [2025-09-23T15:11:11.511Z] 환경: production
2025-09-24 00:11:11 +09:00: 🚨 [2025-09-23T15:11:11.511Z] Live 거래 모드 - 실제 자금으로 거래가 실행됩니다! 🚨
2025-09-24 00:11:11 +09:00: 🔧 [2025-09-23T15:11:11.512Z] HTTP 서버 생성 중...
2025-09-24 00:11:11 +09:00: {"timestamp":"2025-09-23T15:11:11.512Z","level":"INFO","message":"🔧 세션 설정 중..."}
2025-09-24 00:11:11 +09:00: {"timestamp":"2025-09-23T15:11:11.523Z","level":"INFO","message":"Redis 클라이언트 연결 성공"}
2025-09-24 00:11:11 +09:00: {"timestamp":"2025-09-23T15:11:11.523Z","level":"INFO","message":"세션 저장소: Redis 사용"}
2025-09-24 00:11:11 +09:00: {"timestamp":"2025-09-23T15:11:11.523Z","level":"INFO","message":"✅ 세션 설정 완료"}
2025-09-24 00:11:11 +09:00: {"timestamp":"2025-09-23T15:11:11.523Z","level":"INFO","message":"🛣️ 라우트 등록 중..."}
2025-09-24 00:11:11 +09:00: 🔍 [2025-09-23T15:11:11.523Z] 라우트 등록 시작 - registerRoutes 함수 호출
2025-09-24 00:11:11 +09:00: {"timestamp":"2025-09-23T15:11:11.526Z","level":"INFO","message":"🌐 서버 환경 감지: 포트 5000으로 고정"}
2025-09-24 00:11:11 +09:00: 🔧 [storage.ts] DATABASE_URL: postgresql://ahndj@localhost:5432/trading_db
2025-09-24 00:11:11 +09:00: 🔧 [BaseRepository.ts] DATABASE_URL: postgresql://ahndj@localhost:5432/trading_db
2025-09-24 00:11:11 +09:00: ℹ️ [ProxyManager] 프록시 설정 없음 - 직접 연결 사용
2025-09-24 00:11:11 +09:00: 🚀 [2025-09-23T15:11:11.722Z] 서버 시작 중...
2025-09-24 00:11:11 +09:00: 🌍 [2025-09-23T15:11:11.723Z] NODE_ENV: production
2025-09-24 00:11:11 +09:00: {"timestamp":"2025-09-23T15:11:11.723Z","level":"SYSTEM","message":"서버 시작","port":"5001","nodeEnv":"production","workingDir":"/Users/ahndj/Desktop/project/trading/automatic-trading1"}
2025-09-24 00:11:11 +09:00: {"timestamp":"2025-09-23T15:11:11.723Z","level":"SYSTEM","message":"데이터베이스 연결","database":"localhost:5432/trading_db"}
2025-09-24 00:11:11 +09:00: 🎯 [2025-09-23T15:11:11.723Z] 거래 모드: LIVE (실거래)
2025-09-24 00:11:11 +09:00: 🔧 [2025-09-23T15:11:11.723Z] Live 거래 활성화: true
2025-09-24 00:11:11 +09:00: 🌍 [2025-09-23T15:11:11.723Z] 환경: production
2025-09-24 00:11:11 +09:00: 🚨 [2025-09-23T15:11:11.723Z] Live 거래 모드 - 실제 자금으로 거래가 실행됩니다! 🚨
2025-09-24 00:11:11 +09:00: 🔧 [2025-09-23T15:11:11.724Z] HTTP 서버 생성 중...
2025-09-24 00:11:11 +09:00: {"timestamp":"2025-09-23T15:11:11.724Z","level":"INFO","message":"🔧 세션 설정 중..."}
2025-09-24 00:11:11 +09:00: {"timestamp":"2025-09-23T15:11:11.736Z","level":"INFO","message":"Redis 클라이언트 연결 성공"}
2025-09-24 00:11:11 +09:00: {"timestamp":"2025-09-23T15:11:11.736Z","level":"INFO","message":"세션 저장소: Redis 사용"}
2025-09-24 00:11:11 +09:00: {"timestamp":"2025-09-23T15:11:11.736Z","level":"INFO","message":"✅ 세션 설정 완료"}
2025-09-24 00:11:11 +09:00: {"timestamp":"2025-09-23T15:11:11.736Z","level":"INFO","message":"🛣️ 라우트 등록 중..."}
2025-09-24 00:11:11 +09:00: 🔍 [2025-09-23T15:11:11.736Z] 라우트 등록 시작 - registerRoutes 함수 호출
2025-09-24 00:11:11 +09:00: {"timestamp":"2025-09-23T15:11:11.741Z","level":"INFO","message":"🌐 서버 환경 감지: 포트 5000으로 고정"}
2025-09-24 00:11:11 +09:00: 🔧 [storage.ts] DATABASE_URL: postgresql://ahndj@localhost:5432/trading_db
2025-09-24 00:11:11 +09:00: 🔧 [BaseRepository.ts] DATABASE_URL: postgresql://ahndj@localhost:5432/trading_db
2025-09-24 00:11:11 +09:00: ℹ️ [ProxyManager] 프록시 설정 없음 - 직접 연결 사용
2025-09-24 00:11:11 +09:00: 🚀 [2025-09-23T15:11:11.948Z] 서버 시작 중...
2025-09-24 00:11:11 +09:00: 🌍 [2025-09-23T15:11:11.949Z] NODE_ENV: production
2025-09-24 00:11:11 +09:00: {"timestamp":"2025-09-23T15:11:11.949Z","level":"SYSTEM","message":"서버 시작","port":"5001","nodeEnv":"production","workingDir":"/Users/ahndj/Desktop/project/trading/automatic-trading1"}
2025-09-24 00:11:11 +09:00: {"timestamp":"2025-09-23T15:11:11.949Z","level":"SYSTEM","message":"데이터베이스 연결","database":"localhost:5432/trading_db"}
2025-09-24 00:11:11 +09:00: 🎯 [2025-09-23T15:11:11.949Z] 거래 모드: LIVE (실거래)
2025-09-24 00:11:11 +09:00: 🔧 [2025-09-23T15:11:11.949Z] Live 거래 활성화: true
2025-09-24 00:11:11 +09:00: 🌍 [2025-09-23T15:11:11.949Z] 환경: production
2025-09-24 00:11:11 +09:00: 🚨 [2025-09-23T15:11:11.949Z] Live 거래 모드 - 실제 자금으로 거래가 실행됩니다! 🚨
2025-09-24 00:11:11 +09:00: 🔧 [2025-09-23T15:11:11.950Z] HTTP 서버 생성 중...
2025-09-24 00:11:11 +09:00: {"timestamp":"2025-09-23T15:11:11.950Z","level":"INFO","message":"🔧 세션 설정 중..."}
2025-09-24 00:11:11 +09:00: {"timestamp":"2025-09-23T15:11:11.960Z","level":"INFO","message":"Redis 클라이언트 연결 성공"}
2025-09-24 00:11:11 +09:00: {"timestamp":"2025-09-23T15:11:11.960Z","level":"INFO","message":"세션 저장소: Redis 사용"}
2025-09-24 00:11:11 +09:00: {"timestamp":"2025-09-23T15:11:11.960Z","level":"INFO","message":"✅ 세션 설정 완료"}
2025-09-24 00:11:11 +09:00: {"timestamp":"2025-09-23T15:11:11.960Z","level":"INFO","message":"🛣️ 라우트 등록 중..."}
2025-09-24 00:11:11 +09:00: 🔍 [2025-09-23T15:11:11.960Z] 라우트 등록 시작 - registerRoutes 함수 호출
2025-09-24 00:11:11 +09:00: {"timestamp":"2025-09-23T15:11:11.964Z","level":"INFO","message":"🌐 서버 환경 감지: 포트 5000으로 고정"}
2025-09-24 00:11:12 +09:00: 🔧 [storage.ts] DATABASE_URL: postgresql://ahndj@localhost:5432/trading_db
2025-09-24 00:11:12 +09:00: 🔧 [BaseRepository.ts] DATABASE_URL: postgresql://ahndj@localhost:5432/trading_db
2025-09-24 00:11:12 +09:00: ℹ️ [ProxyManager] 프록시 설정 없음 - 직접 연결 사용
2025-09-24 00:11:12 +09:00: 🚀 [2025-09-23T15:11:12.154Z] 서버 시작 중...
2025-09-24 00:11:12 +09:00: 🌍 [2025-09-23T15:11:12.154Z] NODE_ENV: production
2025-09-24 00:11:12 +09:00: {"timestamp":"2025-09-23T15:11:12.154Z","level":"SYSTEM","message":"서버 시작","port":"5001","nodeEnv":"production","workingDir":"/Users/ahndj/Desktop/project/trading/automatic-trading1"}
2025-09-24 00:11:12 +09:00: {"timestamp":"2025-09-23T15:11:12.154Z","level":"SYSTEM","message":"데이터베이스 연결","database":"localhost:5432/trading_db"}
2025-09-24 00:11:12 +09:00: 🎯 [2025-09-23T15:11:12.154Z] 거래 모드: LIVE (실거래)
2025-09-24 00:11:12 +09:00: 🔧 [2025-09-23T15:11:12.154Z] Live 거래 활성화: true
2025-09-24 00:11:12 +09:00: 🌍 [2025-09-23T15:11:12.154Z] 환경: production
2025-09-24 00:11:12 +09:00: 🚨 [2025-09-23T15:11:12.154Z] Live 거래 모드 - 실제 자금으로 거래가 실행됩니다! 🚨
2025-09-24 00:11:12 +09:00: 🔧 [2025-09-23T15:11:12.155Z] HTTP 서버 생성 중...
2025-09-24 00:11:12 +09:00: {"timestamp":"2025-09-23T15:11:12.155Z","level":"INFO","message":"🔧 세션 설정 중..."}
2025-09-24 00:11:12 +09:00: {"timestamp":"2025-09-23T15:11:12.165Z","level":"INFO","message":"Redis 클라이언트 연결 성공"}
2025-09-24 00:11:12 +09:00: {"timestamp":"2025-09-23T15:11:12.165Z","level":"INFO","message":"세션 저장소: Redis 사용"}
2025-09-24 00:11:12 +09:00: {"timestamp":"2025-09-23T15:11:12.165Z","level":"INFO","message":"✅ 세션 설정 완료"}
2025-09-24 00:11:12 +09:00: {"timestamp":"2025-09-23T15:11:12.165Z","level":"INFO","message":"🛣️ 라우트 등록 중..."}
2025-09-24 00:11:12 +09:00: 🔍 [2025-09-23T15:11:12.165Z] 라우트 등록 시작 - registerRoutes 함수 호출
2025-09-24 00:11:12 +09:00: {"timestamp":"2025-09-23T15:11:12.169Z","level":"INFO","message":"🌐 서버 환경 감지: 포트 5000으로 고정"}
2025-09-24 00:11:12 +09:00: 🔧 [storage.ts] DATABASE_URL: postgresql://ahndj@localhost:5432/trading_db
2025-09-24 00:11:12 +09:00: 🔧 [BaseRepository.ts] DATABASE_URL: postgresql://ahndj@localhost:5432/trading_db
2025-09-24 00:11:12 +09:00: ℹ️ [ProxyManager] 프록시 설정 없음 - 직접 연결 사용
2025-09-24 00:11:12 +09:00: 🚀 [2025-09-23T15:11:12.364Z] 서버 시작 중...
2025-09-24 00:11:12 +09:00: 🌍 [2025-09-23T15:11:12.364Z] NODE_ENV: production
2025-09-24 00:11:12 +09:00: {"timestamp":"2025-09-23T15:11:12.364Z","level":"SYSTEM","message":"서버 시작","port":"5001","nodeEnv":"production","workingDir":"/Users/ahndj/Desktop/project/trading/automatic-trading1"}
2025-09-24 00:11:12 +09:00: {"timestamp":"2025-09-23T15:11:12.364Z","level":"SYSTEM","message":"데이터베이스 연결","database":"localhost:5432/trading_db"}
2025-09-24 00:11:12 +09:00: 🎯 [2025-09-23T15:11:12.364Z] 거래 모드: LIVE (실거래)
2025-09-24 00:11:12 +09:00: 🔧 [2025-09-23T15:11:12.364Z] Live 거래 활성화: true
2025-09-24 00:11:12 +09:00: 🌍 [2025-09-23T15:11:12.364Z] 환경: production
2025-09-24 00:11:12 +09:00: 🚨 [2025-09-23T15:11:12.364Z] Live 거래 모드 - 실제 자금으로 거래가 실행됩니다! 🚨
2025-09-24 00:11:12 +09:00: 🔧 [2025-09-23T15:11:12.365Z] HTTP 서버 생성 중...
2025-09-24 00:11:12 +09:00: {"timestamp":"2025-09-23T15:11:12.365Z","level":"INFO","message":"🔧 세션 설정 중..."}
2025-09-24 00:11:12 +09:00: {"timestamp":"2025-09-23T15:11:12.378Z","level":"INFO","message":"Redis 클라이언트 연결 성공"}
2025-09-24 00:11:12 +09:00: {"timestamp":"2025-09-23T15:11:12.378Z","level":"INFO","message":"세션 저장소: Redis 사용"}
2025-09-24 00:11:12 +09:00: {"timestamp":"2025-09-23T15:11:12.378Z","level":"INFO","message":"✅ 세션 설정 완료"}
2025-09-24 00:11:12 +09:00: {"timestamp":"2025-09-23T15:11:12.378Z","level":"INFO","message":"🛣️ 라우트 등록 중..."}
2025-09-24 00:11:12 +09:00: 🔍 [2025-09-23T15:11:12.378Z] 라우트 등록 시작 - registerRoutes 함수 호출
2025-09-24 00:11:12 +09:00: {"timestamp":"2025-09-23T15:11:12.382Z","level":"INFO","message":"🌐 서버 환경 감지: 포트 5000으로 고정"}
2025-09-24 00:11:12 +09:00: 🔧 [storage.ts] DATABASE_URL: postgresql://ahndj@localhost:5432/trading_db
2025-09-24 00:11:12 +09:00: 🔧 [BaseRepository.ts] DATABASE_URL: postgresql://ahndj@localhost:5432/trading_db
2025-09-24 00:11:12 +09:00: ℹ️ [ProxyManager] 프록시 설정 없음 - 직접 연결 사용
2025-09-24 00:11:12 +09:00: 🚀 [2025-09-23T15:11:12.583Z] 서버 시작 중...
2025-09-24 00:11:12 +09:00: 🌍 [2025-09-23T15:11:12.583Z] NODE_ENV: production
2025-09-24 00:11:12 +09:00: {"timestamp":"2025-09-23T15:11:12.583Z","level":"SYSTEM","message":"서버 시작","port":"5001","nodeEnv":"production","workingDir":"/Users/ahndj/Desktop/project/trading/automatic-trading1"}
2025-09-24 00:11:12 +09:00: {"timestamp":"2025-09-23T15:11:12.583Z","level":"SYSTEM","message":"데이터베이스 연결","database":"localhost:5432/trading_db"}
2025-09-24 00:11:12 +09:00: 🎯 [2025-09-23T15:11:12.583Z] 거래 모드: LIVE (실거래)
2025-09-24 00:11:12 +09:00: 🔧 [2025-09-23T15:11:12.583Z] Live 거래 활성화: true
2025-09-24 00:11:12 +09:00: 🌍 [2025-09-23T15:11:12.583Z] 환경: production
2025-09-24 00:11:12 +09:00: 🚨 [2025-09-23T15:11:12.583Z] Live 거래 모드 - 실제 자금으로 거래가 실행됩니다! 🚨
2025-09-24 00:11:12 +09:00: 🔧 [2025-09-23T15:11:12.584Z] HTTP 서버 생성 중...
2025-09-24 00:11:12 +09:00: {"timestamp":"2025-09-23T15:11:12.584Z","level":"INFO","message":"🔧 세션 설정 중..."}
2025-09-24 00:11:12 +09:00: {"timestamp":"2025-09-23T15:11:12.597Z","level":"INFO","message":"Redis 클라이언트 연결 성공"}
2025-09-24 00:11:12 +09:00: {"timestamp":"2025-09-23T15:11:12.597Z","level":"INFO","message":"세션 저장소: Redis 사용"}
2025-09-24 00:11:12 +09:00: {"timestamp":"2025-09-23T15:11:12.597Z","level":"INFO","message":"✅ 세션 설정 완료"}
2025-09-24 00:11:12 +09:00: {"timestamp":"2025-09-23T15:11:12.597Z","level":"INFO","message":"🛣️ 라우트 등록 중..."}
2025-09-24 00:11:12 +09:00: 🔍 [2025-09-23T15:11:12.597Z] 라우트 등록 시작 - registerRoutes 함수 호출
2025-09-24 00:11:12 +09:00: {"timestamp":"2025-09-23T15:11:12.601Z","level":"INFO","message":"🌐 서버 환경 감지: 포트 5000으로 고정"}
2025-09-24 00:11:12 +09:00: 🔧 [storage.ts] DATABASE_URL: postgresql://ahndj@localhost:5432/trading_db
2025-09-24 00:11:12 +09:00: 🔧 [BaseRepository.ts] DATABASE_URL: postgresql://ahndj@localhost:5432/trading_db
2025-09-24 00:11:12 +09:00: ℹ️ [ProxyManager] 프록시 설정 없음 - 직접 연결 사용
2025-09-24 00:11:12 +09:00: 🚀 [2025-09-23T15:11:12.794Z] 서버 시작 중...
2025-09-24 00:11:12 +09:00: 🌍 [2025-09-23T15:11:12.795Z] NODE_ENV: production
2025-09-24 00:11:12 +09:00: {"timestamp":"2025-09-23T15:11:12.795Z","level":"SYSTEM","message":"서버 시작","port":"5001","nodeEnv":"production","workingDir":"/Users/ahndj/Desktop/project/trading/automatic-trading1"}
2025-09-24 00:11:12 +09:00: {"timestamp":"2025-09-23T15:11:12.795Z","level":"SYSTEM","message":"데이터베이스 연결","database":"localhost:5432/trading_db"}
2025-09-24 00:11:12 +09:00: 🎯 [2025-09-23T15:11:12.795Z] 거래 모드: LIVE (실거래)
2025-09-24 00:11:12 +09:00: 🔧 [2025-09-23T15:11:12.795Z] Live 거래 활성화: true
2025-09-24 00:11:12 +09:00: 🌍 [2025-09-23T15:11:12.795Z] 환경: production
2025-09-24 00:11:12 +09:00: 🚨 [2025-09-23T15:11:12.795Z] Live 거래 모드 - 실제 자금으로 거래가 실행됩니다! 🚨
2025-09-24 00:11:12 +09:00: 🔧 [2025-09-23T15:11:12.796Z] HTTP 서버 생성 중...
2025-09-24 00:11:12 +09:00: {"timestamp":"2025-09-23T15:11:12.796Z","level":"INFO","message":"🔧 세션 설정 중..."}
2025-09-24 00:11:12 +09:00: {"timestamp":"2025-09-23T15:11:12.808Z","level":"INFO","message":"Redis 클라이언트 연결 성공"}
2025-09-24 00:11:12 +09:00: {"timestamp":"2025-09-23T15:11:12.808Z","level":"INFO","message":"세션 저장소: Redis 사용"}
2025-09-24 00:11:12 +09:00: {"timestamp":"2025-09-23T15:11:12.809Z","level":"INFO","message":"✅ 세션 설정 완료"}
2025-09-24 00:11:12 +09:00: {"timestamp":"2025-09-23T15:11:12.809Z","level":"INFO","message":"🛣️ 라우트 등록 중..."}
2025-09-24 00:11:12 +09:00: 🔍 [2025-09-23T15:11:12.809Z] 라우트 등록 시작 - registerRoutes 함수 호출
2025-09-24 00:11:12 +09:00: {"timestamp":"2025-09-23T15:11:12.812Z","level":"INFO","message":"🌐 서버 환경 감지: 포트 5000으로 고정"}
2025-09-24 00:11:12 +09:00: 🔧 [storage.ts] DATABASE_URL: postgresql://ahndj@localhost:5432/trading_db
2025-09-24 00:11:13 +09:00: 🔧 [BaseRepository.ts] DATABASE_URL: postgresql://ahndj@localhost:5432/trading_db
2025-09-24 00:11:13 +09:00: ℹ️ [ProxyManager] 프록시 설정 없음 - 직접 연결 사용
2025-09-24 00:11:13 +09:00: 🚀 [2025-09-23T15:11:13.005Z] 서버 시작 중...
2025-09-24 00:11:13 +09:00: 🌍 [2025-09-23T15:11:13.005Z] NODE_ENV: production
2025-09-24 00:11:13 +09:00: {"timestamp":"2025-09-23T15:11:13.005Z","level":"SYSTEM","message":"서버 시작","port":"5001","nodeEnv":"production","workingDir":"/Users/ahndj/Desktop/project/trading/automatic-trading1"}
2025-09-24 00:11:13 +09:00: {"timestamp":"2025-09-23T15:11:13.005Z","level":"SYSTEM","message":"데이터베이스 연결","database":"localhost:5432/trading_db"}
2025-09-24 00:11:13 +09:00: 🎯 [2025-09-23T15:11:13.005Z] 거래 모드: LIVE (실거래)
2025-09-24 00:11:13 +09:00: 🔧 [2025-09-23T15:11:13.005Z] Live 거래 활성화: true
2025-09-24 00:11:13 +09:00: 🌍 [2025-09-23T15:11:13.005Z] 환경: production
2025-09-24 00:11:13 +09:00: 🚨 [2025-09-23T15:11:13.005Z] Live 거래 모드 - 실제 자금으로 거래가 실행됩니다! 🚨
2025-09-24 00:11:13 +09:00: 🔧 [2025-09-23T15:11:13.006Z] HTTP 서버 생성 중...
2025-09-24 00:11:13 +09:00: {"timestamp":"2025-09-23T15:11:13.006Z","level":"INFO","message":"🔧 세션 설정 중..."}
2025-09-24 00:11:13 +09:00: {"timestamp":"2025-09-23T15:11:13.019Z","level":"INFO","message":"Redis 클라이언트 연결 성공"}
2025-09-24 00:11:13 +09:00: {"timestamp":"2025-09-23T15:11:13.019Z","level":"INFO","message":"세션 저장소: Redis 사용"}
2025-09-24 00:11:13 +09:00: {"timestamp":"2025-09-23T15:11:13.019Z","level":"INFO","message":"✅ 세션 설정 완료"}
2025-09-24 00:11:13 +09:00: {"timestamp":"2025-09-23T15:11:13.019Z","level":"INFO","message":"🛣️ 라우트 등록 중..."}
2025-09-24 00:11:13 +09:00: 🔍 [2025-09-23T15:11:13.019Z] 라우트 등록 시작 - registerRoutes 함수 호출
2025-09-24 00:11:13 +09:00: {"timestamp":"2025-09-23T15:11:13.024Z","level":"INFO","message":"🌐 서버 환경 감지: 포트 5000으로 고정"}
2025-09-24 00:19:38 +09:00: 🔧 [storage.ts] DATABASE_URL: postgresql://ahndj@localhost:5432/trading_db
2025-09-24 00:19:38 +09:00: 🔧 [BaseRepository.ts] DATABASE_URL: postgresql://ahndj@localhost:5432/trading_db
2025-09-24 00:19:38 +09:00: ℹ️ [ProxyManager] 프록시 설정 없음 - 직접 연결 사용
2025-09-24 00:19:38 +09:00: 🚀 [2025-09-23T15:19:38.267Z] 서버 시작 중...
2025-09-24 00:19:38 +09:00: 🌍 [2025-09-23T15:19:38.267Z] NODE_ENV: production
2025-09-24 00:19:38 +09:00: {"timestamp":"2025-09-23T15:19:38.267Z","level":"SYSTEM","message":"서버 시작","port":"5001","nodeEnv":"production","workingDir":"/Users/ahndj/Desktop/project/trading/automatic-trading1"}
2025-09-24 00:19:38 +09:00: {"timestamp":"2025-09-23T15:19:38.267Z","level":"SYSTEM","message":"데이터베이스 연결","database":"localhost:5432/trading_db"}
2025-09-24 00:19:38 +09:00: 🎯 [2025-09-23T15:19:38.267Z] 거래 모드: LIVE (실거래)
2025-09-24 00:19:38 +09:00: 🔧 [2025-09-23T15:19:38.267Z] Live 거래 활성화: true
2025-09-24 00:19:38 +09:00: 🌍 [2025-09-23T15:19:38.267Z] 환경: production
2025-09-24 00:19:38 +09:00: 🚨 [2025-09-23T15:19:38.267Z] Live 거래 모드 - 실제 자금으로 거래가 실행됩니다! 🚨
2025-09-24 00:19:38 +09:00: 🔧 [2025-09-23T15:19:38.268Z] HTTP 서버 생성 중...
2025-09-24 00:19:38 +09:00: 🔍 [2025-09-23T15:19:38.281Z] 라우트 등록 시작 - registerRoutes 함수 호출
2025-09-24 00:19:38 +09:00: 🔧 [storage.ts] DATABASE_URL: postgresql://ahndj@localhost:5432/trading_db
2025-09-24 00:19:38 +09:00: 🔧 [BaseRepository.ts] DATABASE_URL: postgresql://ahndj@localhost:5432/trading_db
2025-09-24 00:19:38 +09:00: ℹ️ [ProxyManager] 프록시 설정 없음 - 직접 연결 사용
2025-09-24 00:19:38 +09:00: 🚀 [2025-09-23T15:19:38.494Z] 서버 시작 중...
2025-09-24 00:19:38 +09:00: 🌍 [2025-09-23T15:19:38.494Z] NODE_ENV: production
2025-09-24 00:19:38 +09:00: {"timestamp":"2025-09-23T15:19:38.494Z","level":"SYSTEM","message":"서버 시작","port":"5001","nodeEnv":"production","workingDir":"/Users/ahndj/Desktop/project/trading/automatic-trading1"}
2025-09-24 00:19:38 +09:00: {"timestamp":"2025-09-23T15:19:38.494Z","level":"SYSTEM","message":"데이터베이스 연결","database":"localhost:5432/trading_db"}
2025-09-24 00:19:38 +09:00: 🎯 [2025-09-23T15:19:38.494Z] 거래 모드: LIVE (실거래)
2025-09-24 00:19:38 +09:00: 🔧 [2025-09-23T15:19:38.494Z] Live 거래 활성화: true
2025-09-24 00:19:38 +09:00: 🌍 [2025-09-23T15:19:38.494Z] 환경: production
2025-09-24 00:19:38 +09:00: 🚨 [2025-09-23T15:19:38.494Z] Live 거래 모드 - 실제 자금으로 거래가 실행됩니다! 🚨
2025-09-24 00:19:38 +09:00: 🔧 [2025-09-23T15:19:38.495Z] HTTP 서버 생성 중...
2025-09-24 00:19:38 +09:00: 🔍 [2025-09-23T15:19:38.506Z] 라우트 등록 시작 - registerRoutes 함수 호출
2025-09-24 00:19:38 +09:00: 🔧 [storage.ts] DATABASE_URL: postgresql://ahndj@localhost:5432/trading_db
2025-09-24 00:19:38 +09:00: 🔧 [BaseRepository.ts] DATABASE_URL: postgresql://ahndj@localhost:5432/trading_db
2025-09-24 00:19:38 +09:00: ℹ️ [ProxyManager] 프록시 설정 없음 - 직접 연결 사용
2025-09-24 00:19:38 +09:00: 🚀 [2025-09-23T15:19:38.705Z] 서버 시작 중...
2025-09-24 00:19:38 +09:00: 🌍 [2025-09-23T15:19:38.705Z] NODE_ENV: production
2025-09-24 00:19:38 +09:00: {"timestamp":"2025-09-23T15:19:38.705Z","level":"SYSTEM","message":"서버 시작","port":"5001","nodeEnv":"production","workingDir":"/Users/ahndj/Desktop/project/trading/automatic-trading1"}
2025-09-24 00:19:38 +09:00: {"timestamp":"2025-09-23T15:19:38.705Z","level":"SYSTEM","message":"데이터베이스 연결","database":"localhost:5432/trading_db"}
2025-09-24 00:19:38 +09:00: 🎯 [2025-09-23T15:19:38.705Z] 거래 모드: LIVE (실거래)
2025-09-24 00:19:38 +09:00: 🔧 [2025-09-23T15:19:38.705Z] Live 거래 활성화: true
2025-09-24 00:19:38 +09:00: 🌍 [2025-09-23T15:19:38.705Z] 환경: production
2025-09-24 00:19:38 +09:00: 🚨 [2025-09-23T15:19:38.705Z] Live 거래 모드 - 실제 자금으로 거래가 실행됩니다! 🚨
2025-09-24 00:19:38 +09:00: 🔧 [2025-09-23T15:19:38.706Z] HTTP 서버 생성 중...
2025-09-24 00:19:38 +09:00: 🔍 [2025-09-23T15:19:38.717Z] 라우트 등록 시작 - registerRoutes 함수 호출
2025-09-24 00:19:38 +09:00: 🔧 [storage.ts] DATABASE_URL: postgresql://ahndj@localhost:5432/trading_db
2025-09-24 00:19:38 +09:00: 🔧 [BaseRepository.ts] DATABASE_URL: postgresql://ahndj@localhost:5432/trading_db
2025-09-24 00:19:38 +09:00: ℹ️ [ProxyManager] 프록시 설정 없음 - 직접 연결 사용
2025-09-24 00:19:38 +09:00: 🚀 [2025-09-23T15:19:38.915Z] 서버 시작 중...
2025-09-24 00:19:38 +09:00: 🌍 [2025-09-23T15:19:38.915Z] NODE_ENV: production
2025-09-24 00:19:38 +09:00: {"timestamp":"2025-09-23T15:19:38.915Z","level":"SYSTEM","message":"서버 시작","port":"5001","nodeEnv":"production","workingDir":"/Users/ahndj/Desktop/project/trading/automatic-trading1"}
2025-09-24 00:19:38 +09:00: {"timestamp":"2025-09-23T15:19:38.915Z","level":"SYSTEM","message":"데이터베이스 연결","database":"localhost:5432/trading_db"}
2025-09-24 00:19:38 +09:00: 🎯 [2025-09-23T15:19:38.915Z] 거래 모드: LIVE (실거래)
2025-09-24 00:19:38 +09:00: 🔧 [2025-09-23T15:19:38.915Z] Live 거래 활성화: true
2025-09-24 00:19:38 +09:00: 🌍 [2025-09-23T15:19:38.915Z] 환경: production
2025-09-24 00:19:38 +09:00: 🚨 [2025-09-23T15:19:38.915Z] Live 거래 모드 - 실제 자금으로 거래가 실행됩니다! 🚨
2025-09-24 00:19:38 +09:00: 🔧 [2025-09-23T15:19:38.916Z] HTTP 서버 생성 중...
2025-09-24 00:19:38 +09:00: 🔍 [2025-09-23T15:19:38.929Z] 라우트 등록 시작 - registerRoutes 함수 호출
2025-09-24 00:19:39 +09:00: 🔧 [storage.ts] DATABASE_URL: postgresql://ahndj@localhost:5432/trading_db
2025-09-24 00:19:39 +09:00: 🔧 [BaseRepository.ts] DATABASE_URL: postgresql://ahndj@localhost:5432/trading_db
2025-09-24 00:19:39 +09:00: ℹ️ [ProxyManager] 프록시 설정 없음 - 직접 연결 사용
2025-09-24 00:19:39 +09:00: 🚀 [2025-09-23T15:19:39.134Z] 서버 시작 중...
2025-09-24 00:19:39 +09:00: 🌍 [2025-09-23T15:19:39.134Z] NODE_ENV: production
2025-09-24 00:19:39 +09:00: {"timestamp":"2025-09-23T15:19:39.134Z","level":"SYSTEM","message":"서버 시작","port":"5001","nodeEnv":"production","workingDir":"/Users/ahndj/Desktop/project/trading/automatic-trading1"}
2025-09-24 00:19:39 +09:00: {"timestamp":"2025-09-23T15:19:39.134Z","level":"SYSTEM","message":"데이터베이스 연결","database":"localhost:5432/trading_db"}
2025-09-24 00:19:39 +09:00: 🎯 [2025-09-23T15:19:39.134Z] 거래 모드: LIVE (실거래)
2025-09-24 00:19:39 +09:00: 🔧 [2025-09-23T15:19:39.134Z] Live 거래 활성화: true
2025-09-24 00:19:39 +09:00: 🌍 [2025-09-23T15:19:39.134Z] 환경: production
2025-09-24 00:19:39 +09:00: 🚨 [2025-09-23T15:19:39.134Z] Live 거래 모드 - 실제 자금으로 거래가 실행됩니다! 🚨
2025-09-24 00:19:39 +09:00: 🔧 [2025-09-23T15:19:39.135Z] HTTP 서버 생성 중...
2025-09-24 00:19:39 +09:00: 🔍 [2025-09-23T15:19:39.146Z] 라우트 등록 시작 - registerRoutes 함수 호출
2025-09-24 00:19:39 +09:00: 🔧 [storage.ts] DATABASE_URL: postgresql://ahndj@localhost:5432/trading_db
2025-09-24 00:19:39 +09:00: 🔧 [BaseRepository.ts] DATABASE_URL: postgresql://ahndj@localhost:5432/trading_db
2025-09-24 00:19:39 +09:00: ℹ️ [ProxyManager] 프록시 설정 없음 - 직접 연결 사용
2025-09-24 00:19:39 +09:00: 🚀 [2025-09-23T15:19:39.342Z] 서버 시작 중...
2025-09-24 00:19:39 +09:00: 🌍 [2025-09-23T15:19:39.342Z] NODE_ENV: production
2025-09-24 00:19:39 +09:00: {"timestamp":"2025-09-23T15:19:39.342Z","level":"SYSTEM","message":"서버 시작","port":"5001","nodeEnv":"production","workingDir":"/Users/ahndj/Desktop/project/trading/automatic-trading1"}
2025-09-24 00:19:39 +09:00: {"timestamp":"2025-09-23T15:19:39.342Z","level":"SYSTEM","message":"데이터베이스 연결","database":"localhost:5432/trading_db"}
2025-09-24 00:19:39 +09:00: 🎯 [2025-09-23T15:19:39.342Z] 거래 모드: LIVE (실거래)
2025-09-24 00:19:39 +09:00: 🔧 [2025-09-23T15:19:39.342Z] Live 거래 활성화: true
2025-09-24 00:19:39 +09:00: 🌍 [2025-09-23T15:19:39.342Z] 환경: production
2025-09-24 00:19:39 +09:00: 🚨 [2025-09-23T15:19:39.342Z] Live 거래 모드 - 실제 자금으로 거래가 실행됩니다! 🚨
2025-09-24 00:19:39 +09:00: 🔧 [2025-09-23T15:19:39.343Z] HTTP 서버 생성 중...
2025-09-24 00:19:39 +09:00: 🔍 [2025-09-23T15:19:39.353Z] 라우트 등록 시작 - registerRoutes 함수 호출
2025-09-24 00:19:39 +09:00: 🔧 [storage.ts] DATABASE_URL: postgresql://ahndj@localhost:5432/trading_db
2025-09-24 00:19:39 +09:00: 🔧 [BaseRepository.ts] DATABASE_URL: postgresql://ahndj@localhost:5432/trading_db
2025-09-24 00:19:39 +09:00: ℹ️ [ProxyManager] 프록시 설정 없음 - 직접 연결 사용
2025-09-24 00:19:39 +09:00: 🚀 [2025-09-23T15:19:39.553Z] 서버 시작 중...
2025-09-24 00:19:39 +09:00: 🌍 [2025-09-23T15:19:39.553Z] NODE_ENV: production
2025-09-24 00:19:39 +09:00: {"timestamp":"2025-09-23T15:19:39.553Z","level":"SYSTEM","message":"서버 시작","port":"5001","nodeEnv":"production","workingDir":"/Users/ahndj/Desktop/project/trading/automatic-trading1"}
2025-09-24 00:19:39 +09:00: {"timestamp":"2025-09-23T15:19:39.553Z","level":"SYSTEM","message":"데이터베이스 연결","database":"localhost:5432/trading_db"}
2025-09-24 00:19:39 +09:00: 🎯 [2025-09-23T15:19:39.553Z] 거래 모드: LIVE (실거래)
2025-09-24 00:19:39 +09:00: 🔧 [2025-09-23T15:19:39.553Z] Live 거래 활성화: true
2025-09-24 00:19:39 +09:00: 🌍 [2025-09-23T15:19:39.553Z] 환경: production
2025-09-24 00:19:39 +09:00: 🚨 [2025-09-23T15:19:39.553Z] Live 거래 모드 - 실제 자금으로 거래가 실행됩니다! 🚨
2025-09-24 00:19:39 +09:00: 🔧 [2025-09-23T15:19:39.554Z] HTTP 서버 생성 중...
2025-09-24 00:19:39 +09:00: 🔍 [2025-09-23T15:19:39.565Z] 라우트 등록 시작 - registerRoutes 함수 호출
2025-09-24 00:19:39 +09:00: 🔧 [storage.ts] DATABASE_URL: postgresql://ahndj@localhost:5432/trading_db
2025-09-24 00:19:39 +09:00: 🔧 [BaseRepository.ts] DATABASE_URL: postgresql://ahndj@localhost:5432/trading_db
2025-09-24 00:19:39 +09:00: ℹ️ [ProxyManager] 프록시 설정 없음 - 직접 연결 사용
2025-09-24 00:19:39 +09:00: 🚀 [2025-09-23T15:19:39.766Z] 서버 시작 중...
2025-09-24 00:19:39 +09:00: 🌍 [2025-09-23T15:19:39.766Z] NODE_ENV: production
2025-09-24 00:19:39 +09:00: {"timestamp":"2025-09-23T15:19:39.766Z","level":"SYSTEM","message":"서버 시작","port":"5001","nodeEnv":"production","workingDir":"/Users/ahndj/Desktop/project/trading/automatic-trading1"}
2025-09-24 00:19:39 +09:00: {"timestamp":"2025-09-23T15:19:39.767Z","level":"SYSTEM","message":"데이터베이스 연결","database":"localhost:5432/trading_db"}
2025-09-24 00:19:39 +09:00: 🎯 [2025-09-23T15:19:39.767Z] 거래 모드: LIVE (실거래)
2025-09-24 00:19:39 +09:00: 🔧 [2025-09-23T15:19:39.767Z] Live 거래 활성화: true
2025-09-24 00:19:39 +09:00: 🌍 [2025-09-23T15:19:39.767Z] 환경: production
2025-09-24 00:19:39 +09:00: 🚨 [2025-09-23T15:19:39.767Z] Live 거래 모드 - 실제 자금으로 거래가 실행됩니다! 🚨
2025-09-24 00:19:39 +09:00: 🔧 [2025-09-23T15:19:39.767Z] HTTP 서버 생성 중...
2025-09-24 00:19:39 +09:00: 🔍 [2025-09-23T15:19:39.780Z] 라우트 등록 시작 - registerRoutes 함수 호출
2025-09-24 00:19:39 +09:00: 🔧 [storage.ts] DATABASE_URL: postgresql://ahndj@localhost:5432/trading_db
2025-09-24 00:19:39 +09:00: 🔧 [BaseRepository.ts] DATABASE_URL: postgresql://ahndj@localhost:5432/trading_db
2025-09-24 00:19:39 +09:00: ℹ️ [ProxyManager] 프록시 설정 없음 - 직접 연결 사용
2025-09-24 00:19:39 +09:00: 🚀 [2025-09-23T15:19:39.978Z] 서버 시작 중...
2025-09-24 00:19:39 +09:00: 🌍 [2025-09-23T15:19:39.978Z] NODE_ENV: production
2025-09-24 00:19:39 +09:00: {"timestamp":"2025-09-23T15:19:39.978Z","level":"SYSTEM","message":"서버 시작","port":"5001","nodeEnv":"production","workingDir":"/Users/ahndj/Desktop/project/trading/automatic-trading1"}
2025-09-24 00:19:39 +09:00: {"timestamp":"2025-09-23T15:19:39.978Z","level":"SYSTEM","message":"데이터베이스 연결","database":"localhost:5432/trading_db"}
2025-09-24 00:19:39 +09:00: 🎯 [2025-09-23T15:19:39.978Z] 거래 모드: LIVE (실거래)
2025-09-24 00:19:39 +09:00: 🔧 [2025-09-23T15:19:39.978Z] Live 거래 활성화: true
2025-09-24 00:19:39 +09:00: 🌍 [2025-09-23T15:19:39.978Z] 환경: production
2025-09-24 00:19:39 +09:00: 🚨 [2025-09-23T15:19:39.978Z] Live 거래 모드 - 실제 자금으로 거래가 실행됩니다! 🚨
2025-09-24 00:19:39 +09:00: 🔧 [2025-09-23T15:19:39.979Z] HTTP 서버 생성 중...
2025-09-24 00:19:39 +09:00: 🔍 [2025-09-23T15:19:39.990Z] 라우트 등록 시작 - registerRoutes 함수 호출
2025-09-24 00:19:40 +09:00: 🔧 [storage.ts] DATABASE_URL: postgresql://ahndj@localhost:5432/trading_db
2025-09-24 00:19:40 +09:00: 🔧 [BaseRepository.ts] DATABASE_URL: postgresql://ahndj@localhost:5432/trading_db
2025-09-24 00:19:40 +09:00: ℹ️ [ProxyManager] 프록시 설정 없음 - 직접 연결 사용
2025-09-24 00:19:40 +09:00: 🚀 [2025-09-23T15:19:40.187Z] 서버 시작 중...
2025-09-24 00:19:40 +09:00: 🌍 [2025-09-23T15:19:40.187Z] NODE_ENV: production
2025-09-24 00:19:40 +09:00: {"timestamp":"2025-09-23T15:19:40.187Z","level":"SYSTEM","message":"서버 시작","port":"5001","nodeEnv":"production","workingDir":"/Users/ahndj/Desktop/project/trading/automatic-trading1"}
2025-09-24 00:19:40 +09:00: {"timestamp":"2025-09-23T15:19:40.187Z","level":"SYSTEM","message":"데이터베이스 연결","database":"localhost:5432/trading_db"}
2025-09-24 00:19:40 +09:00: 🎯 [2025-09-23T15:19:40.187Z] 거래 모드: LIVE (실거래)
2025-09-24 00:19:40 +09:00: 🔧 [2025-09-23T15:19:40.187Z] Live 거래 활성화: true
2025-09-24 00:19:40 +09:00: 🌍 [2025-09-23T15:19:40.187Z] 환경: production
2025-09-24 00:19:40 +09:00: 🚨 [2025-09-23T15:19:40.187Z] Live 거래 모드 - 실제 자금으로 거래가 실행됩니다! 🚨
2025-09-24 00:19:40 +09:00: 🔧 [2025-09-23T15:19:40.188Z] HTTP 서버 생성 중...
2025-09-24 00:19:40 +09:00: 🔍 [2025-09-23T15:19:40.199Z] 라우트 등록 시작 - registerRoutes 함수 호출
